Experiment,Date,A Total,A Repeat,A %,B Total,B Repeat,B %,C Total,C Repeat,C %,DRB1 Total,DRB1 Repeat,DRB1 %,DRB345 Total,DRB345 Repeat,DRB345 %,DQB1 Total,DQB1 Repeat,DQB1 %,DQA1 Total,DQA1 Repeat,DQA1 %,DPB1 Total,DPB1 Repeat,DPB1 %,DPA1 Total,DPA1 Repeat,DPA1 %,Overall Total,Overall Repeat,Overall %
NMD120623RT-05,2023-12-14,715,9,1.26,715,8,1.12,715,4,0.56,715,2,0.28,393,0,0.0,390,1,0.26,390,0,0.0,325,1,0.31,390,0,0.0,715,25,3.5
PAC120423AN,2023-12-14,715,0,0.0,715,1,0.14,715,0,0.0,715,0,0.0,715,1,0.14,41,0,0.0,41,0,0.0,674,1,0.15,41,0,0.0,715,3,0.42
PAC112723FIN-02,2023-12-14,715,0,0.0,715,0,0.0,715,0,0.0,715,0,0.0,0,0,,0,0,,0,0,,715,3,0.42,0,0,,715,3,0.42
PAC112723FIN-01,2023-12-14,715,1,0.14,715,0,0.0,715,0,0.0,715,1,0.14,0,0,,0,0,,0,0,,715,3,0.42,0,0,,715,5,0.7
PAC120123DAT,2023-12-14,358,0,0.0,358,0,0.0,358,0,0.0,358,1,0.28,0,0,,0,1,,0,0,,358,1,0.28,0,0,,358,3,0.84
EMB112223RT-03,2023-12-14,715,26,3.64,715,5,0.7,715,2,0.28,715,4,0.56,0,0,,0,0,,0,0,,715,4,0.56,0,0,,715,41,5.73
PAC112223EMB-02,2023-12-14,715,0,0.0,715,0,0.0,715,0,0.0,715,2,0.28,0,0,,0,0,,0,0,,715,11,1.54,0,0,,715,13,1.82
PAC112323EMB,2023-12-14,715,0,0.0,715,1,0.14,715,0,0.0,715,1,0.14,0,0,,0,0,,0,0,,715,4,0.56,0,0,,715,6,0.84
HDS113023RT-02,2023-12-14,715,11,1.54,715,4,0.56,715,2,0.28,715,15,2.1,0,0,,0,0,,0,0,,715,18,2.52,0,0,,715,50,6.99
PAC113023HDS-01,2023-12-14,715,3,0.42,715,1,0.14,715,2,0.28,715,8,1.12,0,0,,0,0,,0,0,,715,36,5.03,0,0,,715,50,6.99
NMD120623RT-04,2023-12-14,715,6,0.84,715,2,0.28,715,1,0.14,715,1,0.14,715,2,0.28,715,2,0.28,715,0,0.0,0,4,,715,0,0.0,715,18,2.52
PAC120623NMD-01,2023-12-14,715,4,0.56,715,0,0.0,715,0,0.0,715,1,0.14,715,8,1.12,715,1,0.14,715,0,0.0,0,1,,715,1,0.14,715,16,2.24
PAC120623NMD-02,2023-12-14,715,0,0.0,715,0,0.0,715,0,0.0,715,0,0.0,715,4,0.56,715,1,0.14,715,2,0.28,0,2,,715,1,0.14,715,10,1.4
PAC120623NMD-03,2023-12-14,715,1,0.14,715,1,0.14,715,0,0.0,715,1,0.14,715,3,0.42,715,0,0.0,715,1,0.14,0,4,,715,1,0.14,715,12,1.68
PAC120523AN,2023-12-21,715,0,0.0,715,0,0.0,715,0,0.0,715,3,0.42,715,1,0.14,41,0,0.0,41,0,0.0,674,2,0.3,41,0,0.0,715,6,0.84
ARC120823RT-02,2023-12-21,715,7,0.98,715,2,0.28,715,7,0.98,715,1,0.14,0,0,,0,0,,0,0,,715,5,0.7,0,0,,715,22,3.08
PAC120823ARC-01,2023-12-21,715,4,0.56,715,4,0.56,715,2,0.28,715,3,0.42,0,0,,0,0,,0,0,,715,1,0.14,0,0,,715,14,1.96
EMB112423RT-04,2023-12-21,715,9,1.26,715,4,0.56,715,1,0.14,715,3,0.42,0,0,,0,1,,0,0,,715,2,0.28,0,0,,715,20,2.8
PAC121123TOB,2023-12-21,715,0,0.0,715,0,0.0,715,0,0.0,715,3,0.42,0,0,,0,0,,0,0,,715,0,0.0,0,0,,715,3,0.42
EMB112423RT-03,2023-12-21,715,19,2.66,715,6,0.84,715,6,0.84,715,2,0.28,0,0,,0,0,,0,0,,715,2,0.28,0,0,,715,35,4.9
PAC112423EMB-01,2023-12-21,715,0,0.0,715,1,0.14,715,0,0.0,715,1,0.14,0,0,,0,0,,0,0,,715,2,0.28,0,0,,715,4,0.56
PAC112423EMB-02,2023-12-21,715,1,0.14,715,0,0.0,715,0,0.0,715,0,0.0,0,0,,0,1,,0,0,,715,6,0.84,0,0,,715,8,1.12
HDS120723RT-01,2023-12-21,715,9,1.26,715,7,0.98,715,9,1.26,715,0,0.0,0,0,,0,0,,0,0,,715,6,0.84,0,0,,715,31,4.34
PAC113023HDS-03,2023-12-21,715,1,0.14,715,0,0.0,715,0,0.0,715,4,0.56,0,0,,0,0,,0,0,,715,41,5.73,0,0,,715,46,6.43
PAC121323NMD-01,2023-12-21,715,1,0.14,715,1,0.14,715,0,0.0,715,0,0.0,715,4,0.56,715,0,0.0,715,3,0.42,0,0,,715,0,0.0,715,9,1.26
PAC121323NMD-02,2023-12-21,715,1,0.14,715,2,0.28,715,0,0.0,715,3,0.42,715,8,1.12,715,2,0.28,715,0,0.0,0,2,,715,1,0.14,715,19,2.66
PAC121323NMD-03,2023-12-21,715,2,0.28,715,1,0.14,715,1,0.14,715,1,0.14,715,4,0.56,715,0,0.0,715,1,0.14,0,0,,715,0,0.0,715,10,1.4
PAC121323NMD-04,2023-12-21,715,1,0.14,715,1,0.14,715,1,0.14,715,1,0.14,715,1,0.14,715,0,0.0,715,0,0.0,0,3,,715,0,0.0,715,8,1.12
AN121123RT,2023-12-28,715,17,2.38,715,8,1.12,715,4,0.56,715,4,0.56,715,1,0.14,41,0,0.0,41,0,0.0,674,0,0.0,41,0,0.0,715,34,4.76
PAC121123SBS,2023-12-28,715,0,0.0,715,0,0.0,715,1,0.14,715,3,0.42,715,2,0.28,486,0,0.0,486,0,0.0,229,1,0.44,486,2,0.41,715,9,1.26
PAC121323NMD-05,2023-12-28,715,0,0.0,715,0,0.0,715,0,0.0,715,1,0.14,611,0,0.0,391,0,0.0,391,1,0.26,324,7,2.16,391,1,0.26,715,10,1.4
NMD122023RT-05,2023-12-28,715,9,1.26,715,5,0.7,715,2,0.28,715,4,0.56,411,2,0.49,389,0,0.0,389,0,0.0,326,8,2.45,389,1,0.26,715,31,4.34
ARC120823RT-03,2023-12-28,715,7,0.98,715,6,0.84,715,7,0.98,715,2,0.28,0,0,,0,1,,0,0,,715,3,0.42,0,0,,715,26,3.64
EMB112423RT-05,2023-12-28,663,4,0.6,678,2,0.29,663,1,0.15,663,3,0.45,0,0,,0,0,,0,0,,663,2,0.3,0,0,,678,12,1.77
VIE121423RT,2023-12-28,715,7,0.98,715,30,4.2,715,7,0.98,715,5,0.7,31,0,0.0,31,11,35.48,31,0,0.0,684,12,1.75,31,0,0.0,715,72,10.07
PAC120723HDS-02,2023-12-28,715,2,0.28,715,0,0.0,715,1,0.14,715,1,0.14,0,0,,0,1,,0,0,,715,2,0.28,0,0,,715,7,0.98
NMD122023RT-01,2023-12-28,715,9,1.26,715,2,0.28,715,4,0.56,715,11,1.54,715,9,1.26,715,0,0.0,715,1,0.14,0,0,,715,0,0.0,715,36,5.03
NMD122023RT-02,2023-12-28,715,10,1.4,715,0,0.0,715,3,0.42,715,0,0.0,715,1,0.14,715,1,0.14,715,0,0.0,0,4,,715,1,0.14,715,20,2.8
NMD122023RT-03,2023-12-28,715,5,0.7,715,2,0.28,715,5,0.7,715,1,0.14,715,4,0.56,715,1,0.14,715,0,0.0,0,2,,715,1,0.14,715,21,2.94
NMD122023RT-04,2023-12-28,715,7,0.98,715,4,0.56,715,6,0.84,715,5,0.7,715,1,0.14,715,0,0.0,715,1,0.14,0,3,,715,2,0.28,715,29,4.06
NMD122723RT-05,2024-01-04,715,9,1.26,715,4,0.56,715,3,0.42,715,5,0.7,385,0,0.0,385,0,0.0,385,0,0.0,330,10,3.03,385,1,0.26,715,32,4.48
PAC121523AUS,2024-01-04,715,1,0.14,715,1,0.14,715,0,0.0,715,10,1.4,268,0,0.0,41,0,0.0,41,0,0.0,674,5,0.74,41,0,0.0,715,17,2.38
PAC122123AUS,2024-01-04,715,2,0.28,715,1,0.14,715,3,0.42,715,1,0.14,117,1,0.85,41,0,0.0,41,0,0.0,674,2,0.3,41,0,0.0,715,10,1.4
NOR122123RT,2024-01-04,574,1,0.17,61,8,13.11,574,27,4.7,61,0,0.0,61,0,0.0,61,0,0.0,61,0,0.0,0,0,,61,0,0.0,574,36,6.27
TOB122623RT,2024-01-04,715,3,0.42,715,2,0.28,715,1,0.14,715,0,0.0,14,0,0.0,14,0,0.0,14,0,0.0,701,6,0.86,14,0,0.0,715,12,1.68
EMB112423RT-06,2024-01-04,715,3,0.42,715,1,0.14,715,3,0.42,715,2,0.28,0,0,,0,0,,0,0,,715,4,0.56,0,0,,715,13,1.82
EMB112423RT-07,2024-01-04,715,3,0.42,715,6,0.84,715,1,0.14,715,3,0.42,0,0,,0,0,,0,0,,715,4,0.56,0,0,,715,17,2.38
HDS120823RT-01,2024-01-04,715,11,1.54,715,4,0.56,715,4,0.56,715,4,0.56,0,0,,0,1,,0,0,,715,2,0.28,0,0,,715,26,3.64
HDS120823RT-02,2024-01-04,715,2,0.28,715,5,0.7,715,3,0.42,715,1,0.14,0,0,,0,1,,0,0,,715,4,0.56,0,0,,715,16,2.24
PAC120723HDS-03,2024-01-04,715,2,0.28,715,3,0.42,715,2,0.28,715,3,0.42,0,0,,0,0,,0,0,,715,5,0.7,0,0,,715,15,2.1
PAC121523UPC-01,2024-01-04,715,3,0.42,715,4,0.56,715,2,0.28,715,0,0.0,0,0,,0,3,,0,0,,715,10,1.4,0,0,,715,22,3.08
PAC121523UPC-02,2024-01-04,715,4,0.56,715,2,0.28,715,3,0.42,715,5,0.7,0,0,,0,1,,0,0,,715,3,0.42,0,0,,715,18,2.52
PAC122723NMD-01,2024-01-04,715,0,0.0,715,0,0.0,715,0,0.0,715,1,0.14,715,9,1.26,715,0,0.0,715,3,0.42,0,1,,715,0,0.0,715,14,1.96
PAC122723NMD-02,2024-01-04,715,1,0.14,715,2,0.28,715,0,0.0,715,2,0.28,715,3,0.42,715,1,0.14,715,0,0.0,0,1,,715,0,0.0,715,10,1.4
PAC122723NMD-03,2024-01-04,715,0,0.0,715,0,0.0,715,0,0.0,715,2,0.28,715,4,0.56,715,0,0.0,715,2,0.28,0,2,,715,7,0.98,715,17,2.38
PAC122723NMD-04,2024-01-04,715,2,0.28,715,1,0.14,715,0,0.0,715,7,0.98,715,4,0.56,715,0,0.0,715,2,0.28,0,4,,715,1,0.14,715,21,2.94
PAC010324NMD-04,2024-01-11,715,1,0.14,715,1,0.14,715,0,0.0,715,1,0.14,564,1,0.18,558,1,0.18,558,0,0.0,157,2,1.27,558,0,0.0,715,7,0.98
PAC122623SBS,2024-01-11,713,3,0.42,713,0,0.0,713,0,0.0,713,7,0.98,598,1,0.17,586,0,0.0,586,5,0.85,127,3,2.36,586,0,0.0,713,19,2.66
PAC120823HDS-03,2024-01-11,715,3,0.42,715,0,0.0,715,1,0.14,715,0,0.0,0,0,,0,0,,0,0,,715,4,0.56,0,0,,715,8,1.12
SAN011124PAC,2024-01-11,333,15,4.5,333,3,0.9,333,9,2.7,333,0,0.0,324,2,0.62,324,0,0.0,324,0,0.0,9,0,0.0,324,0,0.0,333,29,8.71
DAT122623RT-01,2024-01-11,357,6,1.68,357,2,0.56,357,3,0.84,357,1,0.28,0,0,,0,0,,0,0,,357,4,1.12,0,0,,357,16,4.48
DAT122623RT-02,2024-01-11,715,10,1.4,715,2,0.28,715,3,0.42,715,2,0.28,0,0,,0,0,,0,0,,715,5,0.7,0,0,,715,22,3.08
PAC010224TOB,2024-01-11,358,0,0.0,358,0,0.0,358,2,0.56,358,1,0.28,1,0,0.0,1,0,0.0,1,0,0.0,357,1,0.28,1,0,0.0,358,4,1.12
EMB113023RT-03,2024-01-11,715,8,1.12,715,3,0.42,715,2,0.28,715,1,0.14,0,0,,0,0,,0,0,,715,3,0.42,0,0,,715,17,2.38
EMB113023RT-04,2024-01-11,715,6,0.84,715,6,0.84,715,4,0.56,715,5,0.7,0,0,,0,1,,0,0,,715,3,0.42,0,0,,715,25,3.5
PAC113023EMB-01,2024-01-11,715,0,0.0,715,0,0.0,715,0,0.0,715,1,0.14,0,0,,0,0,,0,0,,715,4,0.56,0,0,,715,5,0.7
PAC113023EMB-02,2024-01-11,715,0,0.0,715,1,0.14,715,0,0.0,715,0,0.0,0,0,,0,1,,0,0,,715,2,0.28,0,0,,715,4,0.56
HDS120823RT-04,2024-01-11,717,3,0.42,717,5,0.7,717,2,0.28,717,1,0.14,0,0,,0,0,,0,0,,717,3,0.42,0,0,,717,14,1.95
PAC010324NMD-01,2024-01-11,715,0,0.0,715,0,0.0,715,1,0.14,715,3,0.42,715,2,0.28,715,0,0.0,715,7,0.98,0,1,,715,1,0.14,715,15,2.1
PAC010324NMD-02,2024-01-11,715,1,0.14,715,1,0.14,715,0,0.0,715,4,0.56,715,2,0.28,715,0,0.0,715,2,0.28,0,1,,715,1,0.14,715,12,1.68
PAC010324NMD-03,2024-01-11,715,0,0.0,715,0,0.0,715,0,0.0,715,0,0.0,715,3,0.42,715,0,0.0,715,1,0.14,0,3,,715,2,0.28,715,9,1.26
PAC010224AN,2024-01-18,715,1,0.14,715,0,0.0,715,0,0.0,715,3,0.42,535,1,0.19,41,1,2.44,41,0,0.0,674,2,0.3,41,0,0.0,715,8,1.12
NMD011024RT-04,2024-01-18,715,8,1.12,715,4,0.56,715,2,0.28,715,4,0.56,557,1,0.18,557,0,0.0,557,0,0.0,158,9,5.7,557,4,0.72,715,32,4.48
DAT010224RT,2024-01-18,715,12,1.68,715,10,1.4,715,6,0.84,715,6,0.84,0,0,,0,1,,0,0,,715,10,1.4,0,0,,715,45,6.29
DAT010324RT,2024-01-18,715,4,0.56,715,1,0.14,715,0,0.0,715,1,0.14,0,0,,0,0,,0,0,,715,9,1.26,0,0,,715,15,2.1
PAC010324SAF,2024-01-18,358,0,0.0,358,0,0.0,358,0,0.0,358,1,0.28,304,0,0.0,304,1,0.33,304,0,0.0,54,1,1.85,304,0,0.0,358,3,0.84
SBS010224RT,2024-01-18,715,18,2.52,715,5,0.7,715,0,0.0,715,7,0.98,656,4,0.61,656,0,0.0,656,1,0.15,59,2,3.39,656,1,0.15,715,38,5.31
TOB011024RT,2024-01-18,715,3,0.42,715,0,0.0,715,2,0.28,715,0,0.0,0,0,,0,0,,0,0,,715,2,0.28,0,0,,715,7,0.98
EMB113023RT-05,2024-01-18,715,7,0.98,715,12,1.68,715,2,0.28,715,6,0.84,0,0,,0,0,,0,0,,715,5,0.7,0,0,,715,32,4.48
EMB120423RT-01,2024-01-18,715,6,0.84,715,4,0.56,715,2,0.28,715,2,0.28,0,0,,0,0,,0,0,,715,1,0.14,0,0,,715,15,2.1
PAC122923HDS,2024-01-18,358,0,0.0,358,0,0.0,358,0,0.0,358,0,0.0,0,0,,0,0,,0,0,,358,2,0.56,0,0,,358,2,0.56
NMD011024RT-02,2024-01-18,715,8,1.12,715,5,0.7,715,3,0.42,715,3,0.42,715,0,0.0,715,0,0.0,715,0,0.0,0,0,,715,0,0.0,715,19,2.66
NMD011024RT-03,2024-01-18,715,8,1.12,715,4,0.56,715,1,0.14,715,6,0.84,715,1,0.14,715,0,0.0,715,1,0.14,0,1,,715,1,0.14,715,23,3.22
PAC011024NMD-01,2024-01-18,715,0,0.0,715,0,0.0,715,0,0.0,715,2,0.28,715,0,0.0,715,1,0.14,715,0,0.0,0,0,,715,1,0.14,715,4,0.56
AN011224RT,2024-01-25,712,7,0.98,712,1,0.14,712,4,0.56,712,6,0.84,704,1,0.14,41,1,2.44,41,0,0.0,671,3,0.45,41,0,0.0,712,23,3.23
HEM011924RT-01,2024-01-25,715,2,0.28,715,11,1.54,715,1,0.14,715,14,1.96,41,0,0.0,41,1,2.44,41,0,0.0,674,18,2.67,41,0,0.0,715,47,6.57
NMD011724RT-04,2024-01-25,358,2,0.56,358,1,0.28,358,2,0.56,358,3,0.84,216,1,0.46,95,0,0.0,95,0,0.0,263,25,9.51,95,5,5.26,358,39,10.89
DAT011624RT,2024-01-25,715,23,3.22,715,5,0.7,715,7,0.98,715,1,0.14,0,0,,0,1,,0,0,,715,4,0.56,0,0,,715,41,5.73
TOB011824RT,2024-01-25,715,1,0.14,715,1,0.14,715,1,0.14,715,1,0.14,0,0,,0,0,,0,0,,715,7,0.98,0,0,,715,11,1.54
EMB120423RT-03,2024-01-25,715,7,0.98,715,6,0.84,715,3,0.42,715,2,0.28,0,0,,0,0,,0,0,,715,3,0.42,0,0,,715,21,2.94
EMB120423RT-04,2024-01-25,715,6,0.84,715,8,1.12,715,0,0.0,715,5,0.7,0,0,,0,0,,0,0,,715,21,2.94,0,0,,715,40,5.59
PAC120423EMB-02,2024-01-25,715,1,0.14,715,0,0.0,715,0,0.0,715,10,1.4,0,0,,0,0,,0,0,,715,6,0.84,0,0,,715,17,2.38
SBS011624RT,2024-01-25,359,4,1.11,359,7,1.95,359,2,0.56,359,0,0.0,253,1,0.4,253,1,0.4,253,0,0.0,106,3,2.83,253,1,0.4,359,19,5.29
CYP011824RT-01,2024-01-25,715,1,0.14,715,0,0.0,715,2,0.28,715,0,0.0,0,0,,0,0,,0,0,,715,2,0.28,0,0,,715,5,0.7
CYP011824RT-02,2024-01-25,715,2,0.28,715,1,0.14,715,3,0.42,715,2,0.28,13,0,0.0,13,1,7.69,13,0,0.0,702,3,0.43,13,0,0.0,715,12,1.68
NMD011724RT-01,2024-01-25,715,5,0.7,715,1,0.14,715,2,0.28,715,6,0.84,715,2,0.28,715,0,0.0,715,5,0.7,0,1,,715,0,0.0,715,22,3.08
NMD011724RT-02,2024-01-25,715,11,1.54,715,0,0.0,715,4,0.56,715,2,0.28,715,3,0.42,715,0,0.0,715,1,0.14,0,5,,715,2,0.28,715,28,3.92
NMD011724RT-03,2024-01-25,715,5,0.7,715,2,0.28,715,0,0.0,715,6,0.84,715,2,0.28,715,0,0.0,715,0,0.0,0,1,,715,0,0.0,715,16,2.24
HEM011924RT-03,2024-02-01,535,9,1.68,715,2,0.28,535,7,1.31,535,2,0.37,0,0,,0,5,,0,0,,535,10,1.87,0,0,,715,35,4.9
ARC012024RT-02,2024-02-01,715,14,1.96,715,5,0.7,715,6,0.84,715,1,0.14,40,0,0.0,0,2,,0,0,,715,0,0.0,0,0,,715,28,3.92
ARC012024RT-01,2024-02-01,715,13,1.82,715,7,0.98,715,4,0.56,715,1,0.14,0,0,,0,0,,0,0,,715,4,0.56,0,0,,715,29,4.06
NMD012424RT-04,2024-02-01,358,0,0.0,358,0,0.0,358,0,0.0,358,0,0.0,97,0,0.0,97,1,1.03,97,0,0.0,261,3,1.15,97,0,0.0,358,4,1.12
EMB121923RT-01,2024-02-01,715,2,0.28,715,7,0.98,715,1,0.14,715,4,0.56,0,0,,0,1,,0,0,,715,12,1.68,0,0,,715,27,3.78
PAC120623EMB-01,2024-02-01,715,1,0.14,715,1,0.14,715,1,0.14,715,0,0.0,0,0,,0,0,,0,0,,715,2,0.28,0,0,,715,5,0.7
PAC120623EMB-02,2024-02-01,715,3,0.42,715,1,0.14,715,0,0.0,715,1,0.14,0,0,,0,1,,0,0,,715,3,0.42,0,0,,715,9,1.26
CYP011824RT-03,2024-02-01,358,0,0.0,358,0,0.0,358,2,0.56,358,2,0.56,0,0,,0,0,,0,0,,358,0,0.0,0,0,,358,4,1.12
HEM011924RT-02,2024-02-01,715,3,0.42,715,6,0.84,715,8,1.12,715,6,0.84,41,0,0.0,41,3,7.32,41,0,0.0,674,16,2.37,41,0,0.0,715,42,5.87
HEM011924RT-04,2024-02-01,715,7,0.98,715,4,0.56,715,8,1.12,715,3,0.42,0,0,,0,2,,0,0,,715,13,1.82,0,0,,715,37,5.17
HEM011924RT-05,2024-02-01,715,2,0.28,715,6,0.84,715,3,0.42,715,1,0.14,0,0,,0,1,,0,0,,715,17,2.38,0,0,,715,30,4.2
MDR012324RT-01,2024-02-01,715,3,0.42,715,2,0.28,715,5,0.7,715,5,0.7,41,0,0.0,41,3,7.32,41,0,0.0,674,19,2.82,41,0,0.0,715,37,5.17
TSC012524RT-01,2024-02-01,714,4,0.56,714,3,0.42,714,9,1.26,714,5,0.7,0,0,,0,14,,0,0,,714,4,0.56,0,0,,714,39,5.46
TSC012524RT-02,2024-02-01,349,13,3.72,349,14,4.01,349,11,3.15,349,14,4.01,0,0,,0,1,,0,0,,349,20,5.73,0,0,,349,73,20.92
NMD012424RT-01,2024-02-01,715,4,0.56,715,7,0.98,715,1,0.14,715,0,0.0,715,0,0.0,715,0,0.0,715,0,0.0,0,1,,715,1,0.14,715,14,1.96
NMD012424RT-02,2024-02-01,715,7,0.98,715,5,0.7,715,2,0.28,715,0,0.0,715,4,0.56,715,0,0.0,715,0,0.0,0,1,,715,0,0.0,715,19,2.66
NMD012424RT-03,2024-02-01,715,10,1.4,715,5,0.7,715,4,0.56,715,3,0.42,715,1,0.14,715,0,0.0,715,1,0.14,0,1,,715,1,0.14,715,26,3.64
EMB121923RT-05,2024-02-08,715,5,0.7,715,3,0.42,715,2,0.28,715,2,0.28,6,0,0.0,0,1,,0,0,,715,12,1.68,0,0,,715,25,3.5
EMB122023RT-01,2024-02-08,709,11,1.55,709,3,0.42,709,0,0.0,709,3,0.42,22,0,0.0,0,0,,0,0,,709,13,1.83,0,0,,709,30,4.23
EMB122023RT-02,2024-02-08,715,9,1.26,715,9,1.26,715,3,0.42,715,4,0.56,41,0,0.0,0,0,,0,0,,715,4,0.56,0,0,,715,29,4.06
PAC121923EMB-02,2024-02-08,715,2,0.28,715,1,0.14,715,0,0.0,715,0,0.0,6,0,0.0,0,0,,0,0,,715,16,2.24,0,0,,715,19,2.66
PAC121923EMB-04,2024-02-08,715,0,0.0,715,1,0.14,715,1,0.14,715,3,0.42,0,0,,0,0,,0,0,,715,4,0.56,0,0,,715,9,1.26
PAC013124NMD-04,2024-02-08,358,0,0.0,358,0,0.0,358,1,0.28,358,3,0.84,97,0,0.0,97,0,0.0,97,0,0.0,261,8,3.07,97,1,1.03,358,13,3.63
PAC012524DAT,2024-02-08,715,3,0.42,715,2,0.28,715,3,0.42,715,0,0.0,0,0,,0,0,,0,0,,715,5,0.7,0,0,,715,13,1.82
PAC012924TOB,2024-02-08,715,2,0.28,715,2,0.28,715,0,0.0,715,3,0.42,0,0,,0,0,,0,0,,715,2,0.28,0,0,,715,9,1.26
PAC121923EMB-03,2024-02-08,715,3,0.42,715,1,0.14,715,0,0.0,715,6,0.84,0,0,,0,0,,0,0,,715,6,0.84,0,0,,715,16,2.24
MDR012324RT-02,2024-02-08,715,6,0.84,715,34,4.76,715,5,0.7,715,8,1.12,61,0,0.0,61,8,13.11,61,0,0.0,654,33,5.05,61,0,0.0,715,94,13.15
PAC013124NMD-01,2024-02-08,715,1,0.14,715,0,0.0,715,0,0.0,715,1,0.14,715,1,0.14,715,0,0.0,715,0,0.0,0,3,,715,0,0.0,715,6,0.84
PAC013124NMD-02,2024-02-08,715,2,0.28,715,0,0.0,715,1,0.14,715,4,0.56,715,2,0.28,715,0,0.0,715,1,0.14,0,3,,715,0,0.0,715,13,1.82
PAC013124NMD-03,2024-02-08,715,3,0.42,715,2,0.28,715,0,0.0,715,4,0.56,715,3,0.42,715,0,0.0,715,1,0.14,0,34,,715,12,1.68,715,59,8.25
NMD020724RT-04,2024-02-15,358,0,0.0,358,0,0.0,358,10,2.79,358,0,0.0,31,0,0.0,30,0,0.0,30,0,0.0,328,0,0.0,30,0,0.0,358,10,2.79
PAC010324EMB-01,2024-02-15,715,5,0.7,715,2,0.28,715,0,0.0,715,0,0.0,39,0,0.0,0,0,,0,0,,715,16,2.24,0,0,,715,23,3.22
PAC020524TOB,2024-02-15,715,4,0.56,715,6,0.84,715,4,0.56,715,0,0.0,20,0,0.0,0,0,,0,0,,715,3,0.42,0,0,,715,17,2.38
MDR012324RT-03,2024-02-15,494,7,1.42,494,34,6.88,494,17,3.44,494,11,2.23,45,0,0.0,45,16,35.56,45,0,0.0,449,16,3.56,45,0,0.0,494,101,20.45
DAT020824RT,2024-02-15,715,6,0.84,715,4,0.56,715,0,0.0,715,1,0.14,0,0,,0,0,,0,0,,715,5,0.7,0,0,,715,16,2.24
EMB010324RT-02,2024-02-15,715,17,2.38,715,11,1.54,715,2,0.28,715,1,0.14,0,0,,0,0,,0,0,,715,7,0.98,0,0,,715,38,5.31
EMB010324RT-03,2024-02-15,715,25,3.5,715,10,1.4,715,2,0.28,715,6,0.84,0,0,,0,0,,0,0,,715,26,3.64,0,0,,715,69,9.65
EMB010524RT-01,2024-02-15,715,19,2.66,715,10,1.4,715,1,0.14,715,0,0.0,0,0,,0,0,,0,0,,715,4,0.56,0,0,,715,34,4.76
EMB010524RT-02,2024-02-15,715,9,1.26,715,10,1.4,715,1,0.14,715,2,0.28,0,0,,0,0,,0,0,,715,3,0.42,0,0,,715,25,3.5
EMB010824RT-01,2024-02-15,715,2,0.28,715,6,0.84,715,1,0.14,715,0,0.0,0,0,,0,1,,0,0,,715,0,0.0,0,0,,715,10,1.4
FIN020724RT-01,2024-02-15,715,4,0.56,715,4,0.56,715,0,0.0,715,0,0.0,0,0,,0,0,,0,0,,715,0,0.0,0,0,,715,8,1.12
CYP020824RT-01,2024-02-15,715,0,0.0,715,12,1.68,715,12,1.68,715,0,0.0,0,0,,0,6,,0,0,,715,4,0.56,0,0,,715,34,4.76
NMD020724RT-03,2024-02-15,715,24,3.36,715,11,1.54,715,4,0.56,715,2,0.28,715,1,0.14,715,0,0.0,715,1,0.14,0,2,,715,0,0.0,715,45,6.29
PAC020724NMD-01,2024-02-15,715,0,0.0,715,0,0.0,715,0,0.0,715,2,0.28,715,3,0.42,715,0,0.0,715,1,0.14,0,0,,715,0,0.0,715,6,0.84
PAC020724NMD-02,2024-02-15,715,0,0.0,715,0,0.0,715,0,0.0,715,2,0.28,715,1,0.14,715,1,0.14,715,0,0.0,0,2,,715,2,0.28,715,8,1.12
AN020824RT,2024-02-22,715,20,2.8,715,4,0.56,715,1,0.14,715,12,1.68,519,5,0.96,0,0,,0,0,,715,7,0.98,0,0,,715,49,6.85
DAT021524RT-01,2024-02-22,715,7,0.98,715,2,0.28,715,4,0.56,715,8,1.12,0,0,,0,0,,0,0,,715,21,2.94,0,0,,715,42,5.87
FIN020724RT-02,2024-02-22,715,9,1.26,715,7,0.98,715,5,0.7,715,6,0.84,0,0,,0,0,,0,0,,715,9,1.26,0,0,,715,36,5.03
NMD021424RT-04,2024-02-22,358,1,0.28,358,1,0.28,358,1,0.28,358,2,0.56,30,0,0.0,30,1,3.33,30,0,0.0,328,7,2.13,30,0,0.0,358,13,3.63
SBS020824RT,2024-02-22,715,13,1.82,715,11,1.54,715,4,0.56,715,1,0.14,706,1,0.14,706,1,0.14,706,0,0.0,9,1,11.11,706,1,0.14,715,33,4.62
EMB021224RT,2024-02-22,715,9,1.26,715,4,0.56,715,2,0.28,715,4,0.56,0,0,,0,2,,0,0,,715,7,0.98,0,0,,715,28,3.92
CYP020824RT-02,2024-02-22,715,3,0.42,715,4,0.56,715,16,2.24,715,6,0.84,0,0,,0,0,,0,0,,715,22,3.08,0,0,,715,51,7.13
NMD021424RT-02,2024-02-22,715,5,0.7,715,4,0.56,715,4,0.56,715,21,2.94,715,7,0.98,715,0,0.0,715,8,1.12,0,49,,715,2,0.28,715,100,13.99
NMD021424RT-03,2024-02-22,715,15,2.1,715,6,0.84,715,9,1.26,715,9,1.26,715,3,0.42,715,2,0.28,715,2,0.28,0,7,,715,4,0.56,715,57,7.97
PAC021424NMD-01,2024-02-22,715,1,0.14,715,1,0.14,715,2,0.28,715,9,1.26,715,3,0.42,715,0,0.0,715,21,2.94,0,6,,715,0,0.0,715,43,6.01
PAC010824EMB-02,2024-02-29,712,4,0.56,712,1,0.14,712,3,0.42,712,6,0.84,19,0,0.0,0,0,,0,0,,712,10,1.4,0,0,,712,24,3.37
PAC022024TOB,2024-02-29,715,0,0.0,715,1,0.14,715,0,0.0,715,9,1.26,0,0,,0,1,,0,0,,715,5,0.7,0,0,,715,16,2.24
DAT021524RT-02,2024-02-29,715,6,0.84,715,1,0.14,715,2,0.28,715,2,0.28,0,0,,0,0,,0,0,,715,13,1.82,0,0,,715,24,3.36
PAC022124NMD-04,2024-02-29,358,0,0.0,358,0,0.0,358,3,0.84,358,13,3.63,29,1,3.45,29,0,0.0,29,0,0.0,329,14,4.26,29,0,0.0,358,31,8.66
EMB011024RT,2024-02-29,715,8,1.12,715,2,0.28,715,4,0.56,715,5,0.7,0,0,,0,0,,0,0,,715,19,2.66,0,0,,715,38,5.31
EMB021524RT-01,2024-02-29,715,8,1.12,715,5,0.7,715,0,0.0,715,5,0.7,0,0,,0,1,,0,0,,715,1,0.14,0,0,,715,20,2.8
EMB021524RT-02,2024-02-29,715,8,1.12,715,3,0.42,715,4,0.56,715,5,0.7,0,0,,0,0,,0,0,,715,4,0.56,0,0,,715,24,3.36
EMB022024RT-01,2024-02-29,715,2,0.28,715,4,0.56,715,2,0.28,715,0,0.0,0,0,,0,0,,0,0,,715,0,0.0,0,0,,715,8,1.12
PAC022124NMD-01,2024-02-29,715,1,0.14,715,1,0.14,715,1,0.14,715,17,2.38,715,2,0.28,715,1,0.14,715,12,1.68,0,5,,715,14,1.96,715,54,7.55
PAC022124NMD-02,2024-02-29,715,2,0.28,715,3,0.42,715,1,0.14,715,15,2.1,715,5,0.7,715,0,0.0,715,15,2.1,0,5,,715,3,0.42,715,49,6.85
PAC022124NMD-03,2024-02-29,715,1,0.14,715,0,0.0,715,0,0.0,715,4,0.56,715,1,0.14,715,1,0.14,715,6,0.84,0,6,,715,0,0.0,715,19,2.66
TOB022624RT,2024-02-29,358,0,0.0,358,1,0.28,358,0,0.0,358,1,0.28,0,0,,0,1,,0,0,,358,2,0.56,0,0,,358,5,1.4
PAC022324SBS,2024-03-07,356,0,0.0,356,0,0.0,356,1,0.28,356,1,0.28,296,1,0.34,284,0,0.0,284,0,0.0,72,5,6.94,284,0,0.0,356,8,2.25
PAC022624AN,2024-03-07,715,1,0.14,715,2,0.28,715,2,0.28,715,4,0.56,674,8,1.19,0,1,,0,0,,715,7,0.98,0,0,,715,25,3.5
PAC022724AN,2024-03-07,715,0,0.0,715,2,0.28,715,0,0.0,715,0,0.0,319,1,0.31,0,1,,0,0,,715,4,0.56,0,0,,715,8,1.12
PAC022824NMD-04,2024-03-07,358,0,0.0,358,0,0.0,358,0,0.0,358,4,1.12,22,0,0.0,15,0,0.0,15,0,0.0,343,1,0.29,15,0,0.0,358,5,1.4
PAC022324SBM,2024-03-07,715,2,0.28,715,0,0.0,715,3,0.42,715,2,0.28,0,0,,0,1,,0,0,,715,14,1.96,0,0,,715,22,3.08
PAC022024DAT,2024-03-07,715,5,0.7,715,2,0.28,715,5,0.7,715,6,0.84,0,0,,0,0,,0,0,,715,8,1.12,0,0,,715,26,3.64
PAC022624DAT,2024-03-07,715,0,0.0,715,0,0.0,715,0,0.0,715,0,0.0,0,0,,0,0,,0,0,,715,2,0.28,0,0,,715,2,0.28
PAC022024EMB-02,2024-03-07,715,0,0.0,715,0,0.0,715,0,0.0,715,6,0.84,0,0,,0,0,,0,0,,715,20,2.8,0,0,,715,26,3.64
CYP022724RT-01,2024-03-07,715,0,0.0,715,7,0.98,715,19,2.66,715,7,0.98,0,0,,0,2,,0,0,,715,19,2.66,0,0,,715,54,7.55
SDR022824RT,2024-03-07,358,1,0.28,358,0,0.0,358,3,0.84,358,0,0.0,207,0,0.0,21,1,4.76,21,0,0.0,337,3,0.89,21,0,0.0,358,8,2.23
TSC022624RT-01,2024-03-07,715,2,0.28,715,5,0.7,715,2,0.28,715,3,0.42,0,0,,0,50,,0,0,,715,26,3.64,0,0,,715,88,12.31
TSC022624RT-02,2024-03-07,347,2,0.58,347,0,0.0,347,1,0.29,347,1,0.29,0,0,,0,8,,0,0,,347,17,4.9,0,0,,347,29,8.36
PAC022824NMD-01,2024-03-07,715,0,0.0,715,0,0.0,715,0,0.0,715,3,0.42,715,6,0.84,715,0,0.0,715,1,0.14,0,2,,715,0,0.0,715,12,1.68
PAC022824NMD-02,2024-03-07,715,0,0.0,715,0,0.0,715,0,0.0,715,2,0.28,715,2,0.28,715,1,0.14,715,1,0.14,0,4,,715,0,0.0,715,10,1.4
PAC022824NMD-03,2024-03-07,715,0,0.0,715,0,0.0,715,1,0.14,715,6,0.84,715,2,0.28,715,0,0.0,715,0,0.0,0,9,,715,3,0.42,715,21,2.94
VIE022924RT,2024-03-14,711,4,0.56,711,1,0.14,711,8,1.13,713,7,0.98,39,0,0.0,40,0,0.0,39,0,0.0,673,21,3.12,39,0,0.0,715,41,5.73
CYP022724RT-02,2024-03-14,715,0,0.0,715,1,0.14,715,27,3.78,715,3,0.42,0,0,,0,1,,0,0,,715,6,0.84,0,0,,715,38,5.31
NMD030624RT-01,2024-03-14,715,7,0.98,715,8,1.12,715,2,0.28,715,8,1.12,715,4,0.56,715,0,0.0,715,2,0.28,0,7,,715,1,0.14,715,39,5.45
NMD030624RT-02,2024-03-14,715,11,1.54,715,1,0.14,715,9,1.26,715,1,0.14,715,3,0.42,715,3,0.42,715,2,0.28,0,1,,715,2,0.28,715,33,4.62
AN030624RT,2024-03-21,715,4,0.56,715,3,0.42,715,1,0.14,715,1,0.14,350,2,0.57,0,0,,0,0,,715,4,0.56,0,0,,715,15,2.1
PAC030124AN,2024-03-21,715,1,0.14,715,0,0.0,715,0,0.0,715,5,0.7,674,2,0.3,0,0,,0,0,,715,8,1.12,0,0,,715,16,2.24
PAC030624NMD-04,2024-03-21,358,1,0.28,358,1,0.28,358,1,0.28,358,2,0.56,21,0,0.0,14,0,0.0,14,0,0.0,344,4,1.16,14,0,0.0,358,9,2.51
TOB031124RT,2024-03-21,715,6,0.84,715,3,0.42,715,3,0.42,715,3,0.42,15,0,0.0,0,2,,0,0,,715,7,0.98,0,0,,715,24,3.36
ARC031124RT-01,2024-03-21,715,6,0.84,715,3,0.42,715,3,0.42,715,1,0.14,0,0,,0,1,,0,0,,715,2,0.28,0,0,,715,16,2.24
BMD031124RT,2024-03-21,343,0,0.0,357,0,0.0,343,1,0.29,343,1,0.29,1,0,0.0,1,0,0.0,0,0,,342,2,0.58,1,0,0.0,357,4,1.12
PAC030624TOB,2024-03-21,625,1,0.16,625,2,0.32,625,0,0.0,625,1,0.16,0,0,,0,1,,0,0,,625,1,0.16,0,0,,625,6,0.96
NMD031324RT-04,2024-03-21,358,0,0.0,358,0,0.0,358,3,0.84,358,0,0.0,358,1,0.28,358,0,0.0,358,0,0.0,0,4,,358,0,0.0,358,8,2.23
NMD031324RT-01,2024-03-21,715,4,0.56,715,3,0.42,715,4,0.56,715,2,0.28,573,2,0.35,573,0,0.0,573,0,0.0,142,6,4.23,573,0,0.0,715,21,2.94
PAC030424DAT,2024-03-21,715,2,0.28,715,0,0.0,715,2,0.28,715,5,0.7,0,0,,0,0,,0,0,,715,6,0.84,0,0,,715,15,2.1
CYP030524RT-01,2024-03-21,715,2,0.28,715,0,0.0,715,21,2.94,715,2,0.28,0,0,,0,1,,0,0,,715,5,0.7,0,0,,715,31,4.34
EMB030724RT-01,2024-03-21,715,2,0.28,715,3,0.42,715,2,0.28,715,1,0.14,0,0,,0,0,,0,0,,715,3,0.42,0,0,,715,11,1.54
EMB030724RT-02,2024-03-21,715,3,0.42,715,3,0.42,715,1,0.14,715,1,0.14,0,0,,0,0,,0,0,,715,4,0.56,0,0,,715,12,1.68
EMB030824RT-01,2024-03-21,715,3,0.42,715,10,1.4,715,4,0.56,715,0,0.0,0,0,,0,0,,0,0,,715,3,0.42,0,0,,715,20,2.8
CYP030524RT-02,2024-03-21,715,4,0.56,715,4,0.56,715,35,4.9,715,0,0.0,0,0,,0,0,,0,0,,715,3,0.42,0,0,,715,46,6.43
NMD031324RT-02,2024-03-21,715,5,0.7,715,4,0.56,715,3,0.42,715,2,0.28,715,1,0.14,715,1,0.14,715,1,0.14,0,5,,715,0,0.0,715,22,3.08
NMD031324RT-03,2024-03-21,715,4,0.56,715,6,0.84,715,2,0.28,715,1,0.14,715,3,0.42,715,2,0.28,715,0,0.0,0,2,,715,2,0.28,715,22,3.08
PAC030624NMD-03,2024-03-21,715,1,0.14,715,0,0.0,715,0,0.0,715,1,0.14,715,4,0.56,715,0,0.0,715,1,0.14,0,11,,715,0,0.0,715,18,2.52
NOR030824RT,2024-03-21,693,9,1.3,715,2,0.28,693,3,0.43,693,1,0.14,0,0,,0,0,,0,0,,693,7,1.01,0,0,,715,22,3.08
PAC031624AN,2024-03-28,715,0,0.0,715,0,0.0,715,0,0.0,715,2,0.28,485,4,0.82,0,0,,0,0,,715,2,0.28,0,0,,715,8,1.12
PAC032024NMD-01,2024-03-28,715,2,0.28,715,1,0.14,715,0,0.0,715,13,1.82,612,4,0.65,556,0,0.0,556,9,1.62,159,12,7.55,556,4,0.72,715,45,6.29
PAC031124ARC-02,2024-03-28,715,7,0.98,715,2,0.28,715,2,0.28,715,1,0.14,0,0,,0,0,,0,0,,715,1,0.14,0,0,,715,13,1.82
PAC031124ARC-03,2024-03-28,715,3,0.42,715,2,0.28,715,1,0.14,715,8,1.12,0,0,,0,0,,0,0,,715,14,1.96,0,0,,715,28,3.92
PAC031824EMB,2024-03-28,715,5,0.7,715,0,0.0,715,2,0.28,715,1,0.14,0,0,,0,0,,0,0,,715,4,0.56,0,0,,715,12,1.68
PAC031824DAT,2024-03-28,715,5,0.7,715,3,0.42,715,1,0.14,715,1,0.14,0,0,,0,0,,0,0,,715,7,0.98,0,0,,715,17,2.38
PAC030824EMB-02,2024-03-28,715,1,0.14,715,0,0.0,715,1,0.14,715,2,0.28,0,0,,0,0,,0,0,,715,1,0.14,0,0,,715,5,0.7
PAC031124EMB,2024-03-28,715,1,0.14,715,0,0.0,715,0,0.0,715,2,0.28,0,0,,0,0,,0,0,,715,1,0.14,0,0,,715,4,0.56
PAC032024NMD-02,2024-03-28,715,1,0.14,715,0,0.0,715,0,0.0,715,1,0.14,715,13,1.82,715,1,0.14,715,2,0.28,0,1,,715,0,0.0,715,19,2.66
PAC032024NMD-03,2024-03-28,715,0,0.0,715,0,0.0,715,0,0.0,715,0,0.0,715,2,0.28,715,1,0.14,715,1,0.14,0,1,,715,0,0.0,715,5,0.7
PAC032024NMD-04,2024-03-28,715,0,0.0,715,0,0.0,715,0,0.0,715,1,0.14,715,2,0.28,715,1,0.14,715,2,0.28,0,2,,715,1,0.14,715,9,1.26
AN032224RT-02,2024-04-04,715,12,1.68,715,1,0.14,715,3,0.42,715,1,0.14,715,1,0.14,0,0,,0,0,,715,2,0.28,0,0,,715,20,2.8
AN032724RT,2024-04-04,715,13,1.82,715,4,0.56,715,3,0.42,715,1,0.14,541,0,0.0,0,1,,0,0,,715,2,0.28,0,0,,715,24,3.36
NMD032724RT-04,2024-04-04,715,10,1.4,715,5,0.7,715,2,0.28,715,0,0.0,676,1,0.15,557,0,0.0,557,0,0.0,158,2,1.27,557,0,0.0,715,20,2.8
PAC031824SBS,2024-04-04,715,0,0.0,715,0,0.0,715,0,0.0,715,4,0.56,503,2,0.4,479,0,0.0,479,0,0.0,236,4,1.69,479,0,0.0,715,10,1.4
PAC032224AN-01,2024-04-04,715,0,0.0,715,0,0.0,715,0,0.0,715,2,0.28,222,1,0.45,0,0,,0,0,,715,1,0.14,0,0,,715,4,0.56
PAC032024NOR,2024-04-04,638,0,0.0,638,0,0.0,638,0,0.0,638,2,0.31,0,0,,0,0,,0,0,,638,4,0.63,0,0,,638,6,0.94
PAC032124CZC,2024-04-04,653,3,0.46,653,0,0.0,653,0,0.0,653,1,0.15,0,0,,0,0,,0,0,,653,6,0.92,0,0,,653,10,1.53
EMB032524RT,2024-04-04,715,19,2.66,715,8,1.12,715,1,0.14,715,1,0.14,0,0,,0,1,,0,0,,715,4,0.56,0,0,,715,34,4.76
MDR032524RT-01,2024-04-04,715,25,3.5,715,4,0.56,715,3,0.42,715,8,1.12,0,0,,0,1,,0,0,,715,24,3.36,0,0,,715,65,9.09
MDR032524RT-02,2024-04-04,715,5,0.7,715,7,0.98,715,13,1.82,715,7,0.98,41,0,0.0,41,3,7.32,41,0,0.0,674,47,6.97,41,0,0.0,715,82,11.47
PAC032724NMD-01,2024-04-04,715,8,1.12,715,0,0.0,715,0,0.0,715,1,0.14,715,3,0.42,715,0,0.0,715,1,0.14,0,1,,715,0,0.0,715,14,1.96
PAC032724NMD-02,2024-04-04,715,0,0.0,715,1,0.14,715,0,0.0,715,3,0.42,715,4,0.56,715,0,0.0,715,0,0.0,0,0,,715,1,0.14,715,9,1.26
PAC032724NMD-03,2024-04-04,715,2,0.28,715,0,0.0,715,0,0.0,715,0,0.0,715,4,0.56,715,2,0.28,715,0,0.0,0,0,,715,1,0.14,715,9,1.26
AN040424RT,2024-04-11,715,5,0.7,715,2,0.28,715,0,0.0,715,0,0.0,530,3,0.57,0,2,,0,0,,715,0,0.0,0,0,,715,12,1.68
PAC032924AN,2024-04-11,715,0,0.0,715,0,0.0,715,0,0.0,715,2,0.28,520,0,0.0,0,0,,0,0,,715,95,13.29,0,0,,715,97,13.57
PAC033024TOB,2024-04-11,715,1,0.14,715,0,0.0,715,0,0.0,715,1,0.14,0,0,,0,0,,0,0,,715,0,0.0,0,0,,715,2,0.28
PAC040224SBM,2024-04-11,715,3,0.42,715,1,0.14,715,1,0.14,715,5,0.7,0,0,,0,0,,0,0,,715,3,0.42,0,0,,715,13,1.82
PAC040324NMD-05,2024-04-11,715,1,0.14,715,0,0.0,715,0,0.0,715,0,0.0,702,1,0.14,702,1,0.14,702,1,0.14,13,4,30.77,702,0,0.0,715,8,1.12
DAT040424RT,2024-04-11,694,16,2.31,694,2,0.29,694,6,0.86,694,2,0.29,0,0,,0,0,,0,0,,694,3,0.43,0,0,,694,29,4.18
TSC040424RT-01,2024-04-11,715,15,2.1,715,5,0.7,715,8,1.12,715,6,0.84,0,0,,0,3,,0,0,,715,5,0.7,0,0,,715,42,5.87
TSC040424RT-02,2024-04-11,347,6,1.73,347,4,1.15,347,2,0.58,347,0,0.0,0,0,,0,3,,0,0,,347,4,1.15,0,0,,347,19,5.48
NMD040324RT-01,2024-04-11,715,19,2.66,715,8,1.12,715,2,0.28,715,0,0.0,715,1,0.14,715,2,0.28,715,0,0.0,0,0,,715,0,0.0,715,32,4.48
PAC040324NMD-02,2024-04-11,715,1,0.14,715,0,0.0,715,0,0.0,715,0,0.0,715,1,0.14,715,0,0.0,715,1,0.14,0,2,,715,0,0.0,715,5,0.7
PAC040324NMD-03,2024-04-11,715,0,0.0,715,1,0.14,715,0,0.0,715,0,0.0,715,1,0.14,715,0,0.0,715,0,0.0,0,0,,715,1,0.14,715,3,0.42
PAC040324NMD-04,2024-04-11,715,0,0.0,715,0,0.0,715,0,0.0,715,1,0.14,715,1,0.14,715,0,0.0,715,0,0.0,0,7,,715,1,0.14,715,10,1.4
AN041224RT,2024-04-18,710,10,1.41,710,9,1.27,710,1,0.14,710,3,0.42,533,4,0.75,0,0,,0,0,,710,4,0.56,0,0,,710,31,4.37
PAC041024NMD-05,2024-04-18,715,1,0.14,715,0,0.0,715,0,0.0,715,2,0.28,406,2,0.49,403,0,0.0,403,0,0.0,312,1,0.32,403,1,0.25,715,7,0.98
DAT041124RT,2024-04-18,715,12,1.68,715,7,0.98,715,1,0.14,715,1,0.14,0,0,,0,0,,0,0,,715,6,0.84,0,0,,715,27,3.78
EMB041024RT,2024-04-18,715,12,1.68,715,6,0.84,715,3,0.42,715,1,0.14,0,0,,0,0,,0,0,,715,5,0.7,0,0,,715,27,3.78
DEN040624RT,2024-04-18,715,6,0.84,715,12,1.68,715,7,0.98,715,2,0.28,26,0,0.0,26,2,7.69,26,0,0.0,689,3,0.44,26,0,0.0,715,32,4.48
PAC041024NMD-01,2024-04-18,715,0,0.0,715,0,0.0,715,0,0.0,715,0,0.0,715,4,0.56,715,0,0.0,715,1,0.14,0,0,,715,5,0.7,715,10,1.4
PAC041024NMD-02,2024-04-18,715,0,0.0,715,0,0.0,715,0,0.0,715,0,0.0,715,4,0.56,715,0,0.0,715,0,0.0,0,0,,715,2,0.28,715,6,0.84
PAC041024NMD-03,2024-04-18,715,0,0.0,715,0,0.0,715,1,0.14,715,1,0.14,715,3,0.42,715,2,0.28,715,0,0.0,0,1,,715,17,2.38,715,25,3.5
PAC041024NMD-04,2024-04-18,715,1,0.14,715,0,0.0,715,1,0.14,715,3,0.42,715,4,0.56,715,1,0.14,715,1,0.14,0,1,,715,9,1.26,715,21,2.94
PAC041824TOB,2024-04-25,715,0,0.0,715,0,0.0,715,0,0.0,715,3,0.42,6,0,0.0,0,2,,0,0,,715,7,0.98,0,0,,715,12,1.68
PAC041724NMD-06,2024-04-25,715,0,0.0,715,0,0.0,715,0,0.0,715,2,0.28,427,1,0.23,427,0,0.0,427,0,0.0,288,2,0.69,427,0,0.0,715,5,0.7
EMB041724RT-02,2024-04-25,715,24,3.36,715,8,1.12,715,2,0.28,715,1,0.14,0,0,,0,0,,0,0,,715,3,0.42,0,0,,715,38,5.31
EMB041724RT-03,2024-04-25,715,21,2.94,715,4,0.56,715,5,0.7,715,1,0.14,0,0,,0,0,,0,0,,715,1,0.14,0,0,,715,32,4.48
EMB041724RT-04,2024-04-25,715,20,2.8,715,4,0.56,715,1,0.14,715,0,0.0,0,0,,0,0,,0,0,,715,2,0.28,0,0,,715,27,3.78
PAC041724EMB-01,2024-04-25,715,4,0.56,715,1,0.14,715,0,0.0,715,0,0.0,0,0,,0,1,,0,0,,715,1,0.14,0,0,,715,7,0.98
DEN041924RT,2024-04-25,692,3,0.43,692,12,1.73,692,37,5.35,692,4,0.58,15,0,0.0,15,53,353.33,15,0,0.0,677,7,1.03,15,0,0.0,692,116,16.76
PAC041724NMD-01,2024-04-25,715,1,0.14,715,0,0.0,715,0,0.0,715,3,0.42,715,3,0.42,715,1,0.14,715,0,0.0,0,0,,715,0,0.0,715,8,1.12
PAC041724NMD-02,2024-04-25,715,2,0.28,715,1,0.14,715,0,0.0,715,0,0.0,715,2,0.28,715,0,0.0,715,0,0.0,0,4,,715,0,0.0,715,9,1.26
PAC041724NMD-03,2024-04-25,715,0,0.0,715,0,0.0,715,0,0.0,715,1,0.14,715,1,0.14,715,0,0.0,715,1,0.14,0,6,,715,1,0.14,715,10,1.4
PAC041724NMD-04,2024-04-25,715,0,0.0,715,0,0.0,715,0,0.0,715,2,0.28,715,8,1.12,715,0,0.0,715,0,0.0,0,0,,715,2,0.28,715,12,1.68
PAC041724NMD-05,2024-04-25,715,0,0.0,715,0,0.0,715,0,0.0,715,1,0.14,715,0,0.0,715,0,0.0,715,0,0.0,0,1,,715,2,0.28,715,4,0.56
ARC042224RT-02,2024-05-02,715,11,1.54,715,2,0.28,715,2,0.28,715,0,0.0,41,0,0.0,0,1,,0,0,,715,1,0.14,0,0,,715,17,2.38
PAC041824AN-01,2024-05-02,715,3,0.42,715,0,0.0,715,0,0.0,715,2,0.28,715,7,0.98,0,1,,0,0,,715,1,0.14,0,0,,715,14,1.96
PAC041824AN-02,2024-05-02,715,1,0.14,715,0,0.0,715,1,0.14,715,2,0.28,346,0,0.0,0,0,,0,0,,715,2,0.28,0,0,,715,6,0.84
ARC042224RT-01,2024-05-02,715,13,1.82,715,3,0.42,715,3,0.42,715,0,0.0,0,0,,0,0,,0,0,,715,1,0.14,0,0,,715,20,2.8
PAC042224TOB,2024-05-02,715,1,0.14,715,1,0.14,715,0,0.0,715,0,0.0,0,0,,0,0,,0,0,,715,3,0.42,0,0,,715,5,0.7
DAT042224RT,2024-05-02,715,10,1.4,715,3,0.42,715,3,0.42,715,0,0.0,0,0,,0,1,,0,0,,715,3,0.42,0,0,,715,20,2.8
EMB041924RT,2024-05-02,715,8,1.12,715,14,1.96,715,6,0.84,715,0,0.0,0,0,,0,0,,0,0,,715,7,0.98,0,0,,715,35,4.9
NMD042424RT-06,2024-05-02,357,0,0.0,357,1,0.28,357,7,1.96,357,1,0.28,203,1,0.49,203,0,0.0,203,0,0.0,154,4,2.6,203,0,0.0,357,14,3.92
MDR041924RT-01,2024-05-02,715,41,5.73,715,15,2.1,715,6,0.84,715,2,0.28,41,0,0.0,41,3,7.32,41,0,0.0,674,3,0.45,41,0,0.0,715,70,9.79
NMD042424RT-03,2024-05-02,715,2,0.28,715,4,0.56,715,0,0.0,715,0,0.0,715,2,0.28,715,0,0.0,715,0,0.0,0,0,,715,0,0.0,715,8,1.12
NMD042424RT-04,2024-05-02,715,11,1.54,715,2,0.28,715,2,0.28,715,1,0.14,715,3,0.42,715,1,0.14,715,0,0.0,0,2,,715,0,0.0,715,22,3.08
NMD042424RT-05,2024-05-02,715,13,1.82,715,2,0.28,715,4,0.56,715,1,0.14,715,2,0.28,715,1,0.14,715,0,0.0,0,6,,715,0,0.0,715,29,4.06
PAC042424NMD-01,2024-05-02,715,1,0.14,715,1,0.14,715,0,0.0,715,0,0.0,715,1,0.14,715,0,0.0,715,1,0.14,0,0,,715,0,0.0,715,4,0.56
PAC042424NMD-02,2024-05-02,715,0,0.0,715,0,0.0,715,0,0.0,715,0,0.0,715,5,0.7,715,0,0.0,715,0,0.0,0,2,,715,0,0.0,715,7,0.98
PAC042424NMD-03,2024-05-02,715,12,1.68,715,5,0.7,715,0,0.0,715,0,0.0,715,6,0.84,715,0,0.0,715,1,0.14,0,1,,715,0,0.0,715,25,3.5
PAC042224ARC-03,2024-05-09,715,8,1.12,715,6,0.84,715,0,0.0,715,0,0.0,41,0,0.0,0,1,,0,0,,715,3,0.42,0,0,,715,18,2.52
PAC042324AN,2024-05-09,710,8,1.13,710,0,0.0,710,0,0.0,710,0,0.0,548,1,0.18,0,1,,0,0,,710,0,0.0,0,0,,710,10,1.41
PAC042924TOB,2024-05-09,714,0,0.0,714,2,0.28,714,0,0.0,714,1,0.14,6,0,0.0,0,1,,0,0,,714,3,0.42,0,0,,714,7,0.98
PAC042624SBM,2024-05-09,358,0,0.0,358,0,0.0,358,2,0.56,358,0,0.0,0,0,,0,0,,0,0,,358,2,0.56,0,0,,358,4,1.12
PAC042224EMBR,2024-05-09,715,3,0.42,715,1,0.14,715,0,0.0,715,1,0.14,0,0,,0,0,,0,0,,715,6,0.84,0,0,,715,11,1.54
PAC042624EMB-01,2024-05-09,715,0,0.0,715,0,0.0,715,0,0.0,715,0,0.0,0,0,,0,0,,0,0,,715,9,1.26,0,0,,715,9,1.26
PAC050124NMD-07,2024-05-09,358,3,0.84,358,0,0.0,358,4,1.12,358,0,0.0,314,3,0.96,314,0,0.0,314,0,0.0,44,1,2.27,314,0,0.0,358,11,3.07
MDR041924RT-02,2024-05-09,715,3,0.42,715,19,2.66,715,22,3.08,715,1,0.14,41,0,0.0,41,2,4.88,41,0,0.0,674,12,1.78,41,0,0.0,715,59,8.25
TSC042924RT-01,2024-05-09,715,12,1.68,715,8,1.12,715,13,1.82,715,1,0.14,0,0,,0,0,,0,0,,715,3,0.42,0,0,,715,37,5.17
TSC042924RT-02,2024-05-09,346,4,1.16,346,0,0.0,346,1,0.29,346,0,0.0,0,0,,0,2,,0,0,,346,0,0.0,0,0,,346,7,2.02
PAC050124NMD-01,2024-05-09,715,1,0.14,715,0,0.0,715,0,0.0,715,2,0.28,715,1,0.14,715,1,0.14,715,0,0.0,0,1,,715,2,0.28,715,8,1.12
PAC050124NMD-02,2024-05-09,715,0,0.0,715,0,0.0,715,0,0.0,715,4,0.56,715,3,0.42,715,0,0.0,715,1,0.14,0,3,,715,0,0.0,715,11,1.54
PAC050124NMD-03,2024-05-09,715,1,0.14,715,0,0.0,715,0,0.0,715,1,0.14,715,0,0.0,715,0,0.0,715,2,0.28,0,0,,715,2,0.28,715,6,0.84
PAC050124NMD-04,2024-05-09,715,0,0.0,715,1,0.14,715,0,0.0,715,0,0.0,715,0,0.0,715,2,0.28,715,0,0.0,0,1,,715,0,0.0,715,4,0.56
PAC050124NMD-05,2024-05-09,715,0,0.0,715,1,0.14,715,1,0.14,715,1,0.14,715,4,0.56,715,0,0.0,715,0,0.0,0,1,,715,0,0.0,715,8,1.12
PAC050124NMD-06,2024-05-09,715,7,0.98,715,0,0.0,715,1,0.14,715,0,0.0,715,1,0.14,715,0,0.0,715,1,0.14,0,0,,715,0,0.0,715,10,1.4
PAC050224AN,2024-05-16,715,2,0.28,715,2,0.28,715,1,0.14,715,1,0.14,511,0,0.0,11,0,0.0,11,0,0.0,704,2,0.28,11,0,0.0,715,8,1.12
PAC050224CRB,2024-05-16,278,0,0.0,296,0,0.0,278,0,0.0,278,0,0.0,0,0,,0,0,,0,0,,278,2,0.72,0,0,,296,2,0.68
PAC050624TOB,2024-05-16,625,1,0.16,625,1,0.16,625,0,0.0,625,1,0.16,0,0,,0,0,,0,0,,625,2,0.32,0,0,,625,5,0.8
PAC050224SBS,2024-05-16,715,3,0.42,715,2,0.28,715,2,0.28,715,2,0.28,500,4,0.8,500,0,0.0,500,0,0.0,215,0,0.0,500,2,0.4,715,15,2.1
PAC042624EMB-02,2024-05-16,715,2,0.28,715,0,0.0,715,1,0.14,715,2,0.28,0,0,,0,0,,0,0,,715,4,0.56,0,0,,715,9,1.26
PAC050324EMB-01,2024-05-16,715,1,0.14,715,1,0.14,715,2,0.28,715,2,0.28,0,0,,0,0,,0,0,,715,2,0.28,0,0,,715,8,1.12
PAC050324EMB-02,2024-05-16,715,3,0.42,715,1,0.14,715,0,0.0,715,0,0.0,0,0,,0,0,,0,0,,715,1,0.14,0,0,,715,5,0.7
PAC050824NMD-07,2024-05-16,358,0,0.0,358,0,0.0,358,0,0.0,358,1,0.28,37,0,0.0,37,0,0.0,37,0,0.0,321,4,1.25,37,0,0.0,358,5,1.4
PAC050824NMD-01,2024-05-16,715,2,0.28,715,0,0.0,715,1,0.14,715,0,0.0,715,4,0.56,715,0,0.0,715,0,0.0,0,2,,715,1,0.14,715,10,1.4
PAC050824NMD-02,2024-05-16,715,4,0.56,715,1,0.14,715,0,0.0,715,0,0.0,715,1,0.14,715,0,0.0,715,0,0.0,0,1,,715,0,0.0,715,7,0.98
PAC050824NMD-03,2024-05-16,715,4,0.56,715,1,0.14,715,0,0.0,715,0,0.0,715,3,0.42,715,2,0.28,715,0,0.0,0,0,,715,0,0.0,715,10,1.4
PAC050824NMD-04,2024-05-16,715,2,0.28,715,0,0.0,715,0,0.0,715,0,0.0,715,4,0.56,715,1,0.14,715,0,0.0,0,3,,715,0,0.0,715,10,1.4
PAC050824NMD-05,2024-05-16,715,0,0.0,715,0,0.0,715,0,0.0,715,1,0.14,715,3,0.42,715,0,0.0,715,0,0.0,0,0,,715,0,0.0,715,4,0.56
PAC050824NMD-06,2024-05-16,715,2,0.28,715,0,0.0,715,2,0.28,715,1,0.14,715,3,0.42,715,1,0.14,715,1,0.14,0,2,,715,1,0.14,715,13,1.82
AN050924RT,2024-05-23,701,8,1.14,701,2,0.29,701,3,0.43,701,1,0.14,437,0,0.0,0,0,,0,0,,701,1,0.14,0,0,,701,15,2.14
PAC050624AN,2024-05-23,715,0,0.0,715,0,0.0,715,0,0.0,715,1,0.14,630,0,0.0,0,0,,0,0,,715,0,0.0,0,0,,715,1,0.14
SBS051324RT,2024-05-23,714,6,0.84,714,3,0.42,714,1,0.14,714,1,0.14,615,1,0.16,602,1,0.17,538,0,0.0,176,0,0.0,538,0,0.0,714,13,1.82
DAT052024RT,2024-05-23,715,9,1.26,715,3,0.42,715,0,0.0,715,0,0.0,0,0,,0,1,,0,0,,715,0,0.0,0,0,,715,13,1.82
DAT051324RT,2024-05-23,536,20,3.73,536,3,0.56,536,4,0.75,536,1,0.19,0,0,,0,0,,0,0,,536,1,0.19,0,0,,536,29,5.41
EMB050824RT,2024-05-23,715,6,0.84,715,3,0.42,715,4,0.56,715,1,0.14,0,0,,0,0,,0,0,,715,1,0.14,0,0,,715,15,2.1
NMD051524RT-07,2024-05-23,715,12,1.68,715,1,0.14,715,1,0.14,715,1,0.14,565,3,0.53,565,0,0.0,565,0,0.0,150,0,0.0,565,0,0.0,715,18,2.52
PAC050624EMB,2024-05-23,715,0,0.0,715,0,0.0,715,0,0.0,715,1,0.14,0,0,,0,1,,0,0,,715,2,0.28,0,0,,715,4,0.56
NMD051524RT-01,2024-05-23,715,9,1.26,715,2,0.28,715,2,0.28,715,0,0.0,715,3,0.42,715,0,0.0,715,0,0.0,0,3,,715,0,0.0,715,19,2.66
NMD051524RT-02,2024-05-23,715,16,2.24,715,2,0.28,715,9,1.26,715,0,0.0,715,0,0.0,715,0,0.0,715,2,0.28,0,1,,715,0,0.0,715,30,4.2
NMD051524RT-05,2024-05-23,715,35,4.9,715,1,0.14,715,6,0.84,715,4,0.56,715,3,0.42,715,0,0.0,715,1,0.14,0,2,,715,0,0.0,715,52,7.27
NMD051524RT-06,2024-05-23,715,16,2.24,715,0,0.0,715,1,0.14,715,3,0.42,715,2,0.28,715,0,0.0,715,0,0.0,0,0,,715,1,0.14,715,23,3.22
PAC051524NMD-03,2024-05-23,715,1,0.14,715,0,0.0,715,0,0.0,715,2,0.28,715,2,0.28,715,0,0.0,715,0,0.0,0,1,,715,0,0.0,715,6,0.84
PAC051524NMD-04,2024-05-23,715,1,0.14,715,0,0.0,715,0,0.0,715,4,0.56,715,3,0.42,715,2,0.28,715,0,0.0,0,3,,715,0,0.0,715,13,1.82
AN052224RT,2024-05-30,710,11,1.55,710,5,0.7,710,1,0.14,710,0,0.0,548,1,0.18,0,0,,0,0,,710,2,0.28,0,0,,710,20,2.82
EMB052224RT,2024-05-30,715,30,4.2,715,3,0.42,715,3,0.42,715,0,0.0,0,0,,0,0,,0,0,,715,7,0.98,0,0,,715,43,6.01
PAC052024EMB-03,2024-05-30,715,4,0.56,715,3,0.42,715,0,0.0,715,2,0.28,0,0,,0,1,,0,0,,715,2,0.28,0,0,,715,12,1.68
PAC052024EMB-01,2024-05-30,715,2,0.28,715,1,0.14,715,1,0.14,715,3,0.42,0,0,,0,0,,0,0,,715,2,0.28,0,0,,715,9,1.26
NMD052224RT-07,2024-05-30,715,17,2.38,715,3,0.42,715,4,0.56,715,2,0.28,565,0,0.0,565,0,0.0,565,0,0.0,150,6,4.0,565,1,0.18,715,33,4.62
PAC052024EMB-02,2024-05-30,715,2,0.28,715,1,0.14,715,1,0.14,715,1,0.14,0,0,,0,0,,0,0,,715,1,0.14,0,0,,715,6,0.84
PAC052024EMB-04,2024-05-30,715,2,0.28,715,1,0.14,715,0,0.0,715,1,0.14,0,0,,0,1,,0,0,,715,6,0.84,0,0,,715,11,1.54
PAC052224NMD-01,2024-05-30,715,2,0.28,715,0,0.0,715,0,0.0,715,3,0.42,715,4,0.56,715,0,0.0,715,0,0.0,0,0,,715,0,0.0,715,9,1.26
PAC052224NMD-02,2024-05-30,715,0,0.0,715,0,0.0,715,0,0.0,715,1,0.14,715,3,0.42,715,1,0.14,715,1,0.14,0,1,,715,1,0.14,715,8,1.12
PAC052224NMD-03,2024-05-30,715,0,0.0,715,0,0.0,715,0,0.0,715,1,0.14,715,8,1.12,715,2,0.28,715,0,0.0,0,3,,715,0,0.0,715,14,1.96
PAC052224NMD-04,2024-05-30,715,1,0.14,715,1,0.14,715,1,0.14,715,0,0.0,715,1,0.14,715,0,0.0,715,0,0.0,0,4,,715,2,0.28,715,10,1.4
PAC052224NMD-05,2024-05-30,715,0,0.0,715,0,0.0,715,0,0.0,715,5,0.7,715,2,0.28,715,1,0.14,715,0,0.0,0,5,,715,5,0.7,715,18,2.52
PAC052224NMD-06,2024-05-30,715,1,0.14,715,1,0.14,715,0,0.0,715,4,0.56,715,4,0.56,715,2,0.28,715,0,0.0,0,1,,715,0,0.0,715,13,1.82
FIN052924RT-01,2024-06-06,715,6,0.84,715,0,0.0,715,6,0.84,715,0,0.0,0,0,,0,0,,0,0,,715,4,0.56,0,0,,715,16,2.24
FIN052924RT-02,2024-06-06,358,0,0.0,358,0,0.0,358,1,0.28,358,0,0.0,0,0,,0,0,,0,0,,358,4,1.12,0,0,,358,5,1.4
TOB052824RT,2024-06-06,715,12,1.68,715,5,0.7,715,4,0.56,715,1,0.14,0,0,,0,1,,0,0,,715,3,0.42,0,0,,715,26,3.64
NMD052924RT-07,2024-06-06,715,4,0.56,715,1,0.14,715,4,0.56,715,1,0.14,565,2,0.35,565,1,0.18,565,0,0.0,150,3,2.0,565,0,0.0,715,16,2.24
PAC052224DEV,2024-06-06,715,8,1.12,715,1,0.14,715,1,0.14,715,1,0.14,0,0,,0,0,,0,0,,715,4,0.56,0,0,,715,15,2.1
SBS052924RT,2024-06-06,715,6,0.84,715,0,0.0,715,4,0.56,715,1,0.14,677,0,0.0,677,0,0.0,677,0,0.0,38,0,0.0,677,0,0.0,715,11,1.54
HDS052424RT,2024-06-06,715,15,2.1,715,2,0.28,715,1,0.14,715,2,0.28,0,0,,0,0,,0,0,,715,6,0.84,0,0,,715,26,3.64
DEN053024RT,2024-06-06,710,25,3.52,710,4,0.56,710,5,0.7,710,5,0.7,0,0,,0,4,,0,0,,710,16,2.25,0,0,,710,59,8.31
NMD052924RT-05,2024-06-06,715,13,1.82,715,1,0.14,715,0,0.0,715,0,0.0,715,1,0.14,715,0,0.0,715,1,0.14,0,2,,715,1,0.14,715,19,2.66
NMD052924RT-06,2024-06-06,715,9,1.26,715,2,0.28,715,6,0.84,715,3,0.42,715,2,0.28,715,1,0.14,715,0,0.0,0,2,,715,1,0.14,715,26,3.64
PAC052924NMD-01,2024-06-06,715,2,0.28,715,0,0.0,715,0,0.0,715,2,0.28,715,0,0.0,715,0,0.0,715,0,0.0,0,3,,715,3,0.42,715,10,1.4
PAC052924NMD-02,2024-06-06,715,1,0.14,715,0,0.0,715,1,0.14,715,0,0.0,715,4,0.56,715,1,0.14,715,0,0.0,0,0,,715,0,0.0,715,7,0.98
PAC052924NMD-03,2024-06-06,715,7,0.98,715,0,0.0,715,0,0.0,715,0,0.0,715,5,0.7,715,0,0.0,715,0,0.0,0,3,,715,0,0.0,715,15,2.1
PAC052924NMD-04,2024-06-06,715,0,0.0,715,2,0.28,715,0,0.0,715,3,0.42,715,14,1.96,715,0,0.0,715,0,0.0,0,1,,715,0,0.0,715,20,2.8
PAC060324TOB,2024-06-13,358,0,0.0,358,0,0.0,358,2,0.56,358,0,0.0,0,0,,0,1,,0,0,,358,5,1.4,0,0,,358,8,2.23
SBM060424RT,2024-06-13,715,4,0.56,715,0,0.0,715,7,0.98,715,0,0.0,0,0,,0,0,,0,0,,715,3,0.42,0,0,,715,14,1.96
NMD060524RT-07,2024-06-13,358,4,1.12,358,0,0.0,358,4,1.12,358,0,0.0,226,0,0.0,226,0,0.0,226,0,0.0,132,0,0.0,226,0,0.0,358,8,2.23
PAC053124EMB,2024-06-13,715,2,0.28,715,1,0.14,715,0,0.0,715,1,0.14,0,0,,0,0,,0,0,,715,2,0.28,0,0,,715,6,0.84
OEA052324RT-02,2024-06-13,715,24,3.36,715,3,0.42,715,7,0.98,715,0,0.0,0,0,,0,2,,0,0,,715,0,0.0,0,0,,715,36,5.03
PAC052324OEA-01,2024-06-13,715,0,0.0,715,2,0.28,715,2,0.28,715,1,0.14,0,0,,0,1,,0,0,,715,4,0.56,0,0,,715,10,1.4
TSC060524RT-01,2024-06-13,715,9,1.26,715,10,1.4,715,10,1.4,715,14,1.96,0,0,,0,4,,0,0,,715,14,1.96,0,0,,715,61,8.53
TSC060524RT-02,2024-06-13,346,14,4.05,346,4,1.16,346,6,1.73,346,13,3.76,0,0,,0,2,,0,0,,346,54,15.61,0,0,,346,93,26.88
NMD060524RT-05,2024-06-13,715,11,1.54,715,2,0.28,715,2,0.28,715,1,0.14,715,3,0.42,715,0,0.0,715,0,0.0,0,2,,715,1,0.14,715,22,3.08
NMD060524RT-06,2024-06-13,715,6,0.84,715,4,0.56,715,2,0.28,715,1,0.14,715,4,0.56,715,0,0.0,715,0,0.0,0,0,,715,0,0.0,715,17,2.38
PAC060524NMD-01,2024-06-13,715,1,0.14,715,0,0.0,715,0,0.0,715,3,0.42,715,5,0.7,715,1,0.14,715,0,0.0,0,6,,715,6,0.84,715,22,3.08
PAC060524NMD-02,2024-06-13,715,0,0.0,715,0,0.0,715,0,0.0,715,3,0.42,715,5,0.7,715,0,0.0,715,0,0.0,0,6,,715,5,0.7,715,19,2.66
PAC060524NMD-03,2024-06-13,715,0,0.0,715,0,0.0,715,0,0.0,715,0,0.0,715,6,0.84,715,0,0.0,715,0,0.0,0,6,,715,0,0.0,715,12,1.68
PAC060524NMD-04,2024-06-13,715,0,0.0,715,0,0.0,715,0,0.0,715,2,0.28,715,2,0.28,715,0,0.0,715,0,0.0,0,2,,715,2,0.28,715,8,1.12
AN061324RT,2024-06-20,715,6,0.84,715,2,0.28,715,4,0.56,715,2,0.28,526,2,0.38,0,2,,0,0,,715,3,0.42,0,0,,715,21,2.94
PAC061224NMD-06,2024-06-20,358,1,0.28,358,0,0.0,358,0,0.0,358,1,0.28,352,2,0.57,348,0,0.0,348,0,0.0,10,0,0.0,348,1,0.29,358,5,1.4
PAC061024SBS,2024-06-20,715,1,0.14,715,0,0.0,715,0,0.0,715,3,0.42,472,2,0.42,472,1,0.21,472,1,0.21,243,2,0.82,472,2,0.42,715,12,1.68
PAC061224TOB,2024-06-20,715,0,0.0,715,2,0.28,715,0,0.0,715,1,0.14,0,0,,0,0,,0,0,,715,1,0.14,0,0,,715,4,0.56
KUL061224RT,2024-06-20,336,4,1.19,336,3,0.89,336,6,1.79,336,2,0.6,67,2,2.99,67,0,0.0,67,2,2.99,269,2,0.74,67,0,0.0,336,21,6.25
PAC061224SBS,2024-06-20,715,3,0.42,715,4,0.56,715,5,0.7,715,0,0.0,400,1,0.25,400,1,0.25,400,0,0.0,315,4,1.27,400,0,0.0,715,18,2.52
CYP061424RT-01,2024-06-20,715,3,0.42,715,11,1.54,715,11,1.54,715,6,0.84,0,0,,0,0,,0,0,,715,2,0.28,0,0,,715,33,4.62
OEA052324RT-03,2024-06-20,715,9,1.26,715,8,1.12,715,1,0.14,715,0,0.0,0,0,,0,0,,0,0,,715,7,0.98,0,0,,715,25,3.5
UPC061324RT-01,2024-06-20,715,11,1.54,715,6,0.84,715,1,0.14,715,3,0.42,0,0,,0,1,,0,0,,715,2,0.28,0,0,,715,24,3.36
PAC061224NMD-01,2024-06-20,715,1,0.14,715,0,0.0,715,0,0.0,715,2,0.28,715,3,0.42,715,0,0.0,715,0,0.0,0,1,,715,1,0.14,715,8,1.12
PAC061224NMD-02,2024-06-20,715,2,0.28,715,1,0.14,715,0,0.0,715,2,0.28,715,2,0.28,715,0,0.0,715,0,0.0,0,2,,715,3,0.42,715,12,1.68
PAC061224NMD-03,2024-06-20,715,0,0.0,715,0,0.0,715,0,0.0,715,2,0.28,715,3,0.42,715,1,0.14,715,1,0.14,0,0,,715,0,0.0,715,7,0.98
PAC061224NMD-04,2024-06-20,715,4,0.56,715,0,0.0,715,1,0.14,715,1,0.14,715,2,0.28,715,1,0.14,715,0,0.0,0,2,,715,0,0.0,715,11,1.54
PAC061224NMD-05,2024-06-20,715,1,0.14,715,0,0.0,715,0,0.0,715,3,0.42,715,2,0.28,715,0,0.0,715,0,0.0,0,1,,715,2,0.28,715,9,1.26
SBM061824RT,2024-06-27,713,19,2.66,713,7,0.98,713,7,0.98,713,0,0.0,12,0,0.0,0,0,,0,0,,713,1,0.14,0,0,,713,34,4.77
PAC061724TOB,2024-06-27,715,5,0.7,715,0,0.0,715,3,0.42,715,2,0.28,0,0,,0,1,,0,0,,715,3,0.42,0,0,,715,14,1.96
TOB062224RT,2024-06-27,358,0,0.0,358,0,0.0,358,9,2.51,358,0,0.0,0,0,,0,2,,0,0,,358,6,1.68,0,0,,358,17,4.75
CYP061424RT-02,2024-06-27,715,3,0.42,715,12,1.68,715,17,2.38,715,2,0.28,0,0,,0,6,,0,0,,715,4,0.56,0,0,,715,44,6.15
OEA052324RT-04,2024-06-27,708,9,1.27,706,4,0.57,710,4,0.56,706,1,0.14,0,0,,1,1,100.0,0,0,,708,9,1.27,0,0,,715,28,3.92
OEA052324RT-05,2024-06-27,715,7,0.98,715,6,0.84,715,4,0.56,715,0,0.0,0,0,,0,0,,0,0,,715,0,0.0,0,0,,715,17,2.38
OEA052324RT-06,2024-06-27,715,14,1.96,715,10,1.4,715,4,0.56,715,0,0.0,0,0,,0,0,,0,0,,715,1,0.14,0,0,,715,29,4.06
UPC061324RT-02,2024-06-27,715,3,0.42,715,1,0.14,715,17,2.38,715,2,0.28,0,0,,0,0,,0,0,,715,0,0.0,0,0,,715,23,3.22
UPC062024RT,2024-06-27,715,16,2.24,715,3,0.42,715,1,0.14,715,2,0.28,0,0,,0,0,,0,0,,715,1,0.14,0,0,,715,23,3.22
OEA052324RT-07,2024-06-27,715,13,1.82,715,5,0.7,715,11,1.54,715,0,0.0,0,0,,0,0,,0,0,,715,0,0.0,0,0,,715,29,4.06
NMD061924RT-04,2024-06-27,715,3,0.42,715,6,0.84,715,1,0.14,715,0,0.0,715,3,0.42,715,0,0.0,715,0,0.0,0,1,,715,0,0.0,715,14,1.96
NMD061924RT-05,2024-06-27,715,17,2.38,715,7,0.98,715,1,0.14,715,0,0.0,715,6,0.84,715,1,0.14,715,0,0.0,0,8,,715,3,0.42,715,43,6.01
NMD061924RT-06,2024-06-27,358,0,0.0,358,1,0.28,358,8,2.23,358,0,0.0,203,0,0.0,203,0,0.0,203,0,0.0,155,5,3.23,203,0,0.0,358,14,3.91
PAC061924NMD-01,2024-06-27,715,1,0.14,715,0,0.0,715,2,0.28,715,3,0.42,715,2,0.28,715,0,0.0,715,0,0.0,0,5,,715,2,0.28,715,15,2.1
PAC061924NMD-02,2024-06-27,715,0,0.0,715,0,0.0,715,1,0.14,715,3,0.42,715,0,0.0,715,0,0.0,715,0,0.0,0,3,,715,3,0.42,715,10,1.4
PAC061924NMD-03,2024-06-27,715,1,0.14,715,0,0.0,715,0,0.0,715,2,0.28,715,4,0.56,715,0,0.0,715,2,0.28,0,2,,715,1,0.14,715,12,1.68
TOB070124RT,2024-07-04,715,16,2.24,715,0,0.0,715,1,0.14,715,1,0.14,41,0,0.0,0,0,,0,0,,715,1,0.14,0,0,,715,19,2.66
DAT062624RT,2024-07-04,358,2,0.56,358,0,0.0,358,8,2.23,358,3,0.84,0,0,,0,1,,0,0,,358,2,0.56,0,0,,358,16,4.47
PAC062624NMD-05,2024-07-04,715,1,0.14,715,0,0.0,715,0,0.0,715,28,3.92,475,2,0.42,475,0,0.0,475,0,0.0,240,3,1.25,475,0,0.0,715,34,4.76
OEA052324RT-08,2024-07-04,715,19,2.66,715,7,0.98,715,5,0.7,715,1,0.14,0,0,,0,0,,0,0,,715,0,0.0,0,0,,715,32,4.48
OEA052324RT-09,2024-07-04,715,34,4.76,715,4,0.56,715,4,0.56,715,0,0.0,0,0,,0,1,,0,0,,715,2,0.28,0,0,,715,45,6.29
OEA052324RT-11,2024-07-04,715,9,1.26,715,3,0.42,715,2,0.28,715,2,0.28,0,0,,0,0,,0,0,,715,0,0.0,0,0,,715,16,2.24
OEA052324RT-12,2024-07-04,715,11,1.54,715,4,0.56,715,4,0.56,715,0,0.0,0,0,,0,0,,0,0,,715,0,0.0,0,0,,715,19,2.66
PAC062224TSC,2024-07-04,704,2,0.28,704,0,0.0,704,2,0.28,704,7,0.99,0,0,,0,5,,0,0,,704,6,0.85,0,0,,704,22,3.12
PAC062424SBS,2024-07-04,715,0,0.0,715,0,0.0,715,0,0.0,715,3,0.42,715,1,0.14,715,1,0.14,670,2,0.3,45,2,4.44,670,0,0.0,715,9,1.26
PAC062624NMD-01,2024-07-04,715,2,0.28,715,0,0.0,715,1,0.14,715,14,1.96,715,3,0.42,715,0,0.0,715,0,0.0,0,3,,715,3,0.42,715,26,3.64
PAC062624NMD-02,2024-07-04,715,1,0.14,715,0,0.0,715,0,0.0,715,20,2.8,715,5,0.7,715,1,0.14,715,0,0.0,0,4,,715,1,0.14,715,32,4.48
PAC062624NMD-03,2024-07-04,715,1,0.14,715,1,0.14,715,0,0.0,715,21,2.94,715,11,1.54,715,0,0.0,715,1,0.14,0,4,,715,0,0.0,715,39,5.45
PAC062624NMD-04,2024-07-04,715,4,0.56,715,0,0.0,715,2,0.28,715,0,0.0,715,1,0.14,715,0,0.0,715,0,0.0,0,5,,715,9,1.26,715,21,2.94
OEA052324RT-10,2024-07-04,707,11,1.56,707,5,0.71,707,5,0.71,707,1,0.14,0,0,,0,0,,0,0,,707,2,0.28,0,0,,707,24,3.39
OEA052324RT-13,2024-07-04,715,10,1.4,715,2,0.28,715,7,0.98,715,0,0.0,0,0,,0,0,,0,0,,715,1,0.14,0,0,,715,20,2.8
OEA052324RT-14,2024-07-04,715,21,2.94,715,6,0.84,715,5,0.7,715,0,0.0,0,0,,0,1,,0,0,,715,1,0.14,0,0,,715,34,4.76
TOB070824RT,2024-07-11,715,1,0.14,715,1,0.14,715,2,0.28,715,1,0.14,29,0,0.0,7,3,42.86,7,0,0.0,708,6,0.85,7,0,0.0,715,14,1.96
NMD070324RT-04,2024-07-11,358,1,0.28,358,6,1.68,358,2,0.56,358,1,0.28,28,0,0.0,28,0,0.0,28,0,0.0,330,3,0.91,28,0,0.0,358,13,3.63
DAT070124RT,2024-07-11,715,29,4.06,715,5,0.7,715,4,0.56,715,3,0.42,32,0,0.0,32,0,0.0,32,0,0.0,683,1,0.15,32,0,0.0,715,42,5.87
OEA052324RT-19,2024-07-11,715,12,1.68,715,4,0.56,715,5,0.7,715,0,0.0,0,0,,0,0,,0,0,,715,7,0.98,0,0,,715,28,3.92
OEA052324RT-20,2024-07-11,715,21,2.94,715,4,0.56,715,3,0.42,715,0,0.0,0,0,,0,1,,0,0,,715,13,1.82,0,0,,715,42,5.87
OEA052324RT-15,2024-07-11,715,14,1.96,715,6,0.84,715,1,0.14,715,2,0.28,0,0,,0,1,,0,0,,715,2,0.28,0,0,,715,26,3.64
OEA052324RT-16,2024-07-11,715,13,1.82,715,9,1.26,715,4,0.56,715,0,0.0,0,0,,0,0,,0,0,,715,3,0.42,0,0,,715,29,4.06
OEA052324RT-17,2024-07-11,715,7,0.98,715,2,0.28,715,1,0.14,715,2,0.28,0,0,,0,0,,0,0,,715,4,0.56,0,0,,715,16,2.24
OEA052324RT-18,2024-07-11,715,5,0.7,715,4,0.56,715,4,0.56,715,1,0.14,0,0,,0,0,,0,0,,715,7,0.98,0,0,,715,21,2.94
NMD070324RT-01,2024-07-11,715,6,0.84,715,2,0.28,715,3,0.42,715,1,0.14,715,2,0.28,715,2,0.28,715,1,0.14,0,4,,715,0,0.0,715,21,2.94
NMD070324RT-02,2024-07-11,715,4,0.56,715,5,0.7,715,30,4.2,715,0,0.0,715,3,0.42,715,0,0.0,715,0,0.0,0,1,,715,2,0.28,715,45,6.29
NMD070324RT-03,2024-07-11,715,9,1.26,715,2,0.28,715,0,0.0,715,0,0.0,715,2,0.28,715,0,0.0,715,0,0.0,0,0,,715,0,0.0,715,13,1.82
PAC070924ARC-01,2024-07-18,715,11,1.54,715,3,0.42,715,1,0.14,715,0,0.0,28,0,0.0,0,2,,0,0,,715,2,0.28,0,0,,715,19,2.66
ARC070924RT-02,2024-07-18,715,15,2.1,715,6,0.84,715,5,0.7,715,5,0.7,0,0,,0,0,,0,0,,715,3,0.42,0,0,,715,34,4.76
ARC070924RT-03,2024-07-18,715,19,2.66,715,6,0.84,715,3,0.42,715,1,0.14,0,0,,0,2,,0,0,,715,0,0.0,0,0,,715,31,4.34
ARC070924RT-05,2024-07-18,358,4,1.12,358,1,0.28,358,13,3.63,358,0,0.0,0,0,,0,1,,0,0,,358,2,0.56,0,0,,358,21,5.87
NMD071024RT-04,2024-07-18,358,6,1.68,358,0,0.0,358,1,0.28,358,1,0.28,29,0,0.0,29,6,20.69,29,0,0.0,329,2,0.61,29,0,0.0,358,16,4.47
PAC070924ARC-04,2024-07-18,715,15,2.1,715,4,0.56,715,0,0.0,715,4,0.56,0,0,,0,0,,0,0,,715,3,0.42,0,0,,715,26,3.64
SBS071124RT,2024-07-18,715,11,1.54,715,2,0.28,715,3,0.42,715,1,0.14,504,3,0.6,504,0,0.0,504,0,0.0,211,3,1.42,504,3,0.6,715,26,3.64
CZC070524RT,2024-07-18,709,21,2.96,709,3,0.42,709,2,0.28,709,1,0.14,15,0,0.0,15,1,6.67,15,0,0.0,694,4,0.58,15,0,0.0,709,32,4.51
PAC052324OEA-21,2024-07-18,358,0,0.0,358,0,0.0,358,1,0.28,358,55,15.36,0,0,,0,0,,0,0,,358,3,0.84,0,0,,358,59,16.48
NMD071024RT-03,2024-07-18,715,10,1.4,715,1,0.14,715,1,0.14,715,1,0.14,715,1,0.14,715,1,0.14,715,0,0.0,0,0,,715,1,0.14,715,16,2.24
PAC071024NMD-01,2024-07-18,715,1,0.14,715,0,0.0,715,0,0.0,715,4,0.56,715,9,1.26,715,1,0.14,715,2,0.28,0,3,,715,0,0.0,715,20,2.8
PAC071024NMD-02,2024-07-18,715,1,0.14,715,0,0.0,715,0,0.0,715,3,0.42,715,3,0.42,715,1,0.14,715,0,0.0,0,2,,715,0,0.0,715,10,1.4
DEV071224RT,2024-07-25,715,11,1.54,715,2,0.28,715,0,0.0,715,0,0.0,18,0,0.0,18,0,0.0,18,0,0.0,697,5,0.72,18,0,0.0,715,18,2.52
GOL071924RT,2024-07-25,715,3,0.42,715,8,1.12,715,3,0.42,715,0,0.0,641,0,0.0,41,0,0.0,41,0,0.0,674,4,0.59,41,0,0.0,715,18,2.52
NMD071724RT-04,2024-07-25,358,1,0.28,358,0,0.0,358,7,1.96,358,0,0.0,29,0,0.0,29,0,0.0,29,0,0.0,329,3,0.91,29,0,0.0,358,11,3.07
RNR071724RT,2024-07-25,715,7,0.98,715,5,0.7,715,4,0.56,715,2,0.28,41,0,0.0,41,1,2.44,41,0,0.0,674,1,0.15,41,0,0.0,715,20,2.8
VIE071924RT,2024-07-25,619,48,7.75,620,21,3.39,619,1,0.16,619,1,0.16,46,0,0.0,46,0,0.0,46,0,0.0,573,5,0.87,46,0,0.0,620,76,12.26
TOB072024RT,2024-07-25,715,4,0.56,715,5,0.7,715,1,0.14,715,2,0.28,0,0,,0,0,,0,0,,715,8,1.12,0,0,,715,20,2.8
TOB071324RT,2024-07-25,715,11,1.54,715,2,0.28,715,2,0.28,715,1,0.14,0,0,,0,0,,0,0,,715,6,0.84,0,0,,715,22,3.08
NMD071724RT-01,2024-07-25,715,16,2.24,715,1,0.14,715,1,0.14,715,2,0.28,715,0,0.0,715,0,0.0,715,0,0.0,0,5,,715,3,0.42,715,28,3.92
NMD071724RT-02,2024-07-25,715,17,2.38,715,2,0.28,715,4,0.56,715,1,0.14,715,5,0.7,715,0,0.0,715,0,0.0,0,5,,715,0,0.0,715,34,4.76
NMD071724RT-03,2024-07-25,715,14,1.96,715,4,0.56,715,0,0.0,715,0,0.0,715,0,0.0,715,0,0.0,715,1,0.14,0,5,,715,0,0.0,715,24,3.36
AN072524RT,2024-08-01,715,5,0.7,715,1,0.14,715,2,0.28,715,2,0.28,541,2,0.37,0,0,,0,0,,715,0,0.0,0,0,,715,12,1.68
NMD072424RT-02,2024-08-01,715,6,0.84,715,2,0.28,715,4,0.56,715,0,0.0,413,1,0.24,413,0,0.0,413,0,0.0,302,3,0.99,413,1,0.24,715,17,2.38
TOB072624RT,2024-08-01,358,2,0.56,358,0,0.0,358,1,0.28,358,1,0.28,0,0,,0,0,,0,0,,358,1,0.28,0,0,,358,5,1.4
IRB072424RT,2024-08-01,29,1,3.45,329,0,0.0,29,0,0.0,29,0,0.0,0,0,,0,0,,0,0,,29,0,0.0,0,0,,329,1,0.3
NMD072424RT-01,2024-08-01,715,6,0.84,715,2,0.28,715,9,1.26,715,2,0.28,715,0,0.0,715,0,0.0,715,1,0.14,0,4,,715,0,0.0,715,24,3.36
SBS072224RT,2024-08-01,358,1,0.28,358,1,0.28,358,0,0.0,358,0,0.0,358,0,0.0,358,1,0.28,358,0,0.0,0,2,,358,0,0.0,358,5,1.4
CRB071924RT,2024-08-01,262,0,0.0,268,0,0.0,262,0,0.0,262,1,0.38,0,0,,0,0,,0,0,,262,0,0.0,0,0,,268,1,0.37
DAT080224RT,2024-08-08,715,5,0.7,715,0,0.0,715,5,0.7,715,0,0.0,22,0,0.0,9,1,11.11,9,0,0.0,706,12,1.7,9,0,0.0,715,23,3.22
NMD073124RT-02,2024-08-08,715,3,0.42,715,0,0.0,715,2,0.28,715,1,0.14,382,0,0.0,382,1,0.26,382,0,0.0,333,2,0.6,382,2,0.52,715,11,1.54
SBS080524RT,2024-08-08,358,0,0.0,358,0,0.0,358,5,1.4,358,0,0.0,184,0,0.0,184,0,0.0,173,0,0.0,185,6,3.24,173,1,0.58,358,12,3.35
TOB080224RT,2024-08-08,715,7,0.98,715,6,0.84,715,2,0.28,715,16,2.24,0,0,,0,0,,0,0,,715,3,0.42,0,0,,715,34,4.76
PAC073124NMD-01,2024-08-08,715,0,0.0,715,0,0.0,715,0,0.0,715,1,0.14,715,6,0.84,715,1,0.14,715,0,0.0,0,5,,715,0,0.0,715,13,1.82
PAC080724AN,2024-08-15,715,0,0.0,715,1,0.14,715,1,0.14,715,0,0.0,452,6,1.33,0,1,,0,0,,715,5,0.7,0,0,,715,14,1.96
PAC080724NMD-02,2024-08-15,714,5,0.7,714,0,0.0,714,4,0.56,714,3,0.42,517,4,0.77,422,0,0.0,422,0,0.0,292,4,1.37,422,0,0.0,714,20,2.8
CYP080824RT,2024-08-15,715,2,0.28,715,7,0.98,715,5,0.7,715,0,0.0,14,0,0.0,14,4,28.57,14,0,0.0,701,5,0.71,14,0,0.0,715,23,3.22
RNR080624RT-03,2024-08-15,711,9,1.27,711,5,0.7,711,2,0.28,711,1,0.14,61,0,0.0,61,0,0.0,61,0,0.0,650,2,0.31,61,0,0.0,711,19,2.67
TOB081224RT,2024-08-15,715,8,1.12,715,5,0.7,715,8,1.12,715,0,0.0,0,0,,0,0,,0,0,,715,15,2.1,0,0,,715,36,5.03
PAC080724NMD-01,2024-08-15,715,1,0.14,715,0,0.0,715,1,0.14,715,0,0.0,715,1,0.14,715,0,0.0,715,0,0.0,0,1,,715,0,0.0,715,4,0.56
RNR080624RT-01,2024-08-15,715,6,0.84,715,1,0.14,715,5,0.7,715,1,0.14,61,0,0.0,61,5,8.2,61,0,0.0,654,2,0.31,61,0,0.0,715,20,2.8
RNR080624RT-02,2024-08-15,715,1,0.14,715,4,0.56,715,4,0.56,715,0,0.0,61,0,0.0,61,1,1.64,61,0,0.0,654,0,0.0,61,0,0.0,715,10,1.4
PAC081224DAT,2024-08-22,314,0,0.0,314,0,0.0,314,1,0.32,314,1,0.32,17,0,0.0,17,0,0.0,17,0,0.0,297,1,0.34,17,0,0.0,314,3,0.96
PAC081424NMD,2024-08-22,715,1,0.14,715,0,0.0,715,1,0.14,715,2,0.28,670,2,0.3,670,0,0.0,670,1,0.15,45,2,4.44,670,0,0.0,715,9,1.26
EMB081624RT,2024-08-22,715,6,0.84,715,1,0.14,715,5,0.7,715,2,0.28,0,0,,0,1,,0,0,,715,3,0.42,0,0,,715,18,2.52
PAC082124FIN-02,2024-08-29,713,0,0.0,713,0,0.0,713,0,0.0,713,0,0.0,5,0,0.0,0,0,,0,0,,713,2,0.28,0,0,,713,2,0.28
PAC082124FIN-01,2024-08-29,715,0,0.0,715,0,0.0,715,0,0.0,715,0,0.0,0,0,,0,0,,0,0,,715,0,0.0,0,0,,715,0,0.0
PAC082124DAT,2024-08-29,715,1,0.14,715,0,0.0,715,1,0.14,715,7,0.98,0,0,,0,1,,0,0,,715,11,1.54,0,0,,715,21,2.94
PAC082124NMD,2024-08-29,715,0,0.0,715,0,0.0,715,0,0.0,715,2,0.28,670,4,0.6,670,0,0.0,670,0,0.0,45,1,2.22,670,2,0.3,715,9,1.26
PAC082324DAT,2024-08-29,715,1,0.14,715,0,0.0,715,1,0.14,715,0,0.0,0,0,,0,0,,0,0,,715,14,1.96,0,0,,715,16,2.24
PAC082624DAT-01,2024-09-05,711,2,0.28,711,0,0.0,711,0,0.0,711,3,0.42,10,0,0.0,0,0,,0,0,,711,6,0.84,0,0,,711,11,1.55
PAC082824NMD-02,2024-09-05,358,0,0.0,358,0,0.0,358,3,0.84,358,5,1.4,136,1,0.74,136,0,0.0,136,0,0.0,222,8,3.6,136,0,0.0,358,17,4.75
PAC082624DAT-02,2024-09-05,715,1,0.14,715,0,0.0,715,0,0.0,715,4,0.56,0,0,,0,0,,0,0,,715,6,0.84,0,0,,715,11,1.54
PAC082924TOB,2024-09-05,715,0,0.0,715,0,0.0,715,0,0.0,715,3,0.42,0,0,,0,0,,0,0,,715,4,0.56,0,0,,715,7,0.98
PAC082824HDS-01,2024-09-05,715,2,0.28,715,0,0.0,715,3,0.42,715,1,0.14,0,0,,0,1,,0,0,,715,4,0.56,0,0,,715,11,1.54
PAC082824HDS-02,2024-09-05,715,3,0.42,715,1,0.14,715,0,0.0,715,1,0.14,0,0,,0,0,,0,0,,715,4,0.56,0,0,,715,9,1.26
PAC082824NMD-01,2024-09-05,715,0,0.0,715,0,0.0,715,0,0.0,715,1,0.14,715,3,0.42,715,0,0.0,715,1,0.14,0,7,,715,1,0.14,715,13,1.82
DAT090624RT,2024-09-12,715,11,1.54,715,3,0.42,715,7,0.98,715,0,0.0,28,0,0.0,4,0,0.0,0,0,,715,7,0.98,0,0,,715,28,3.92
DAT090424RT,2024-09-12,715,12,1.68,715,1,0.14,715,10,1.4,715,5,0.7,0,0,,0,0,,0,0,,715,6,0.84,0,0,,715,34,4.76
PAC083024EMB,2024-09-12,714,1,0.14,714,0,0.0,714,2,0.28,714,1,0.14,0,0,,0,0,,0,0,,714,23,3.22,0,0,,714,27,3.78
PAC083024SBS,2024-09-12,714,0,0.0,715,0,0.0,714,0,0.0,714,1,0.14,658,5,0.76,658,1,0.15,658,1,0.15,56,11,19.64,658,0,0.0,715,19,2.66
PAC090424NMD-02,2024-09-12,715,3,0.42,715,1,0.14,715,4,0.56,715,0,0.0,443,2,0.45,443,0,0.0,443,0,0.0,272,9,3.31,443,0,0.0,715,19,2.66
HDS082824RT-05,2024-09-12,715,9,1.26,715,2,0.28,715,3,0.42,715,0,0.0,0,0,,0,2,,0,0,,715,6,0.84,0,0,,715,22,3.08
HDS082824RT-06,2024-09-12,715,2,0.28,715,4,0.56,715,3,0.42,715,1,0.14,0,0,,0,0,,0,0,,715,1,0.14,0,0,,715,11,1.54
PAC082824HDS-03,2024-09-12,715,2,0.28,715,1,0.14,715,0,0.0,715,1,0.14,0,0,,0,0,,0,0,,715,2,0.28,0,0,,715,6,0.84
PAC082824HDS-04,2024-09-12,715,4,0.56,715,2,0.28,715,0,0.0,715,2,0.28,0,0,,0,2,,0,0,,715,4,0.56,0,0,,715,14,1.96
PAC090424NMD-01,2024-09-12,715,0,0.0,715,1,0.14,715,0,0.0,715,0,0.0,715,0,0.0,715,0,0.0,715,0,0.0,0,5,,715,0,0.0,715,6,0.84
PAC091124GOL,2024-09-19,715,4,0.56,715,1,0.14,715,2,0.28,715,1,0.14,390,1,0.26,26,1,3.85,0,0,,715,7,0.98,0,0,,715,17,2.38
PAC091224TOB-01,2024-09-19,715,0,0.0,715,0,0.0,715,0,0.0,715,2,0.28,22,0,0.0,0,0,,0,0,,715,1,0.14,0,0,,715,3,0.42
PAC091224TOB-02,2024-09-19,715,0,0.0,715,0,0.0,715,0,0.0,715,0,0.0,0,0,,0,1,,0,0,,715,4,0.56,0,0,,715,5,0.7
SAF091024RT,2024-09-19,715,4,0.56,715,4,0.56,715,2,0.28,715,0,0.0,697,5,0.72,607,1,0.16,607,0,0.0,108,2,1.85,607,0,0.0,715,18,2.52
PAC090924MDR-01,2024-09-19,715,5,0.7,715,5,0.7,715,20,2.8,715,4,0.56,41,0,0.0,41,1,2.44,41,0,0.0,674,4,0.59,41,0,0.0,715,39,5.45
PAC090924MDR-02,2024-09-19,715,10,1.4,715,3,0.42,715,46,6.43,715,2,0.28,41,0,0.0,41,0,0.0,41,0,0.0,674,4,0.59,41,0,0.0,715,65,9.09
PAC091424DAT,2024-09-19,715,7,0.98,715,0,0.0,715,15,2.1,715,1,0.14,0,0,,0,0,,0,0,,715,13,1.82,0,0,,715,36,5.03
MDR090924RT-03,2024-09-19,358,1,0.28,358,0,0.0,358,8,2.23,358,4,1.12,0,0,,0,4,,0,0,,358,8,2.23,0,0,,358,25,6.98
PAC082824HDS-07,2024-09-19,715,7,0.98,715,1,0.14,715,4,0.56,715,0,0.0,0,0,,0,0,,0,0,,715,4,0.56,0,0,,715,16,2.24
PAC082824HDS-08,2024-09-19,715,9,1.26,715,3,0.42,715,0,0.0,715,0,0.0,0,0,,0,0,,0,0,,715,7,0.98,0,0,,715,19,2.66
PAC091124NMD-02,2024-09-19,715,1,0.14,715,0,0.0,715,0,0.0,715,7,0.98,676,4,0.59,676,2,0.3,676,1,0.15,39,3,7.69,676,0,0.0,715,18,2.52
PAC091124NMD-01,2024-09-19,715,0,0.0,715,0,0.0,715,0,0.0,715,0,0.0,715,2,0.28,715,1,0.14,715,0,0.0,0,2,,715,0,0.0,715,5,0.7
SBS091924RT,2024-09-26,715,11,1.54,715,6,0.84,715,5,0.7,715,1,0.14,549,2,0.36,540,1,0.19,540,0,0.0,175,0,0.0,540,0,0.0,715,26,3.64
PAC091624TOB,2024-09-26,706,2,0.28,706,2,0.28,706,1,0.14,706,0,0.0,0,0,,0,0,,0,0,,706,24,3.4,0,0,,706,29,4.11
PAC091824DAT,2024-09-26,715,9,1.26,715,2,0.28,715,5,0.7,715,2,0.28,0,0,,0,0,,0,0,,715,8,1.12,0,0,,715,26,3.64
DAT092024RT,2024-09-26,715,2,0.28,715,5,0.7,715,3,0.42,715,0,0.0,0,0,,0,1,,0,0,,715,9,1.26,0,0,,715,20,2.8
CZC091924RT,2024-09-26,715,11,1.54,715,8,1.12,715,6,0.84,715,3,0.42,0,0,,0,1,,0,0,,715,7,0.98,0,0,,715,36,5.03
PAC091824NMD-02,2024-09-26,715,0,0.0,715,1,0.14,715,1,0.14,715,5,0.7,422,1,0.24,422,0,0.0,422,0,0.0,293,18,6.14,422,0,0.0,715,26,3.64
HDS082824RT-12,2024-09-26,715,21,2.94,715,4,0.56,715,2,0.28,715,2,0.28,0,0,,0,0,,0,0,,715,3,0.42,0,0,,715,32,4.48
PAC082824HDS-09,2024-09-26,715,6,0.84,715,1,0.14,715,0,0.0,715,1,0.14,0,0,,0,0,,0,0,,715,4,0.56,0,0,,715,12,1.68
PAC082824HDS-10,2024-09-26,715,4,0.56,715,3,0.42,715,1,0.14,715,2,0.28,0,0,,0,0,,0,0,,715,4,0.56,0,0,,715,14,1.96
PAC082824HDS-11,2024-09-26,715,5,0.7,715,2,0.28,715,2,0.28,715,0,0.0,0,0,,0,0,,0,0,,715,4,0.56,0,0,,715,13,1.82
PAC091824NMD-01,2024-09-26,715,1,0.14,715,0,0.0,715,0,0.0,715,3,0.42,715,0,0.0,715,0,0.0,715,0,0.0,0,2,,715,1,0.14,715,7,0.98
PAC092324TOB,2024-10-03,715,0,0.0,715,0,0.0,715,1,0.14,715,4,0.56,11,0,0.0,0,0,,0,0,,715,4,0.56,0,0,,715,9,1.26
PAC092524DAT-01,2024-10-03,715,3,0.42,715,2,0.28,715,1,0.14,715,1,0.14,20,0,0.0,0,1,,0,0,,715,12,1.68,0,0,,715,20,2.8
PAC091924BMD,2024-10-03,647,0,0.0,650,0,0.0,647,0,0.0,647,1,0.15,2,0,0.0,2,1,50.0,2,0,0.0,645,3,0.47,2,0,0.0,650,5,0.77
TOB092824RT,2024-10-03,715,4,0.56,715,2,0.28,715,1,0.14,715,0,0.0,0,0,,0,0,,0,0,,715,1,0.14,0,0,,715,8,1.12
PAC092524FFM,2024-10-03,290,6,2.07,290,1,0.34,290,0,0.0,290,10,3.45,290,11,3.79,290,2,0.69,290,0,0.0,0,2,,290,1,0.34,290,33,11.38
PAC092524NMD-02,2024-10-03,715,3,0.42,715,1,0.14,715,3,0.42,715,2,0.28,422,1,0.24,422,0,0.0,422,0,0.0,293,5,1.71,422,0,0.0,715,15,2.1
HDS082824RT-18,2024-10-03,715,6,0.84,715,2,0.28,715,4,0.56,715,0,0.0,0,0,,0,0,,0,0,,715,3,0.42,0,0,,715,15,2.1
PAC082824HDS-13,2024-10-03,715,2,0.28,715,3,0.42,715,0,0.0,715,0,0.0,0,0,,0,1,,0,0,,715,6,0.84,0,0,,715,12,1.68
PAC082824HDS-14,2024-10-03,715,4,0.56,715,3,0.42,715,3,0.42,715,2,0.28,0,0,,0,0,,0,0,,715,5,0.7,0,0,,715,17,2.38
PAC082824HDS-15,2024-10-03,715,7,0.98,715,1,0.14,715,1,0.14,715,0,0.0,0,0,,0,1,,0,0,,715,2,0.28,0,0,,715,12,1.68
PAC082824HDS-16,2024-10-03,715,2,0.28,715,0,0.0,715,1,0.14,715,1,0.14,0,0,,0,0,,0,0,,715,10,1.4,0,0,,715,14,1.96
PAC082824HDS-17,2024-10-03,715,2,0.28,715,0,0.0,715,1,0.14,715,0,0.0,0,0,,0,1,,0,0,,715,6,0.84,0,0,,715,10,1.4
PAC092524NMD-01,2024-10-03,715,0,0.0,715,0,0.0,715,0,0.0,715,3,0.42,715,3,0.42,715,0,0.0,715,0,0.0,0,2,,715,0,0.0,715,8,1.12
PAC092524DAT-02,2024-10-10,715,4,0.56,715,1,0.14,715,14,1.96,715,2,0.28,10,0,0.0,0,1,,0,0,,715,8,1.12,0,0,,715,30,4.2
PAC100224GOL,2024-10-10,715,0,0.0,715,1,0.14,715,5,0.7,715,0,0.0,715,2,0.28,41,0,0.0,41,0,0.0,674,5,0.74,41,0,0.0,715,13,1.82
PAC100224SBS,2024-10-10,715,0,0.0,715,0,0.0,715,1,0.14,715,0,0.0,715,0,0.0,482,0,0.0,482,0,0.0,233,1,0.43,482,0,0.0,715,2,0.28
PAC093024DAT,2024-10-10,715,4,0.56,715,11,1.54,715,39,5.45,715,1,0.14,0,0,,0,1,,0,0,,715,7,0.98,0,0,,715,63,8.81
PAC100224NMD-03,2024-10-10,358,0,0.0,358,0,0.0,358,6,1.68,358,0,0.0,196,0,0.0,196,1,0.51,196,0,0.0,162,1,0.62,196,0,0.0,358,8,2.23
PAC092024HDS-01,2024-10-10,715,14,1.96,715,3,0.42,715,9,1.26,715,2,0.28,0,0,,0,0,,0,0,,715,1,0.14,0,0,,715,29,4.06
PAC092024HDS-02,2024-10-10,715,2,0.28,715,2,0.28,715,7,0.98,715,1,0.14,0,0,,0,1,,0,0,,715,4,0.56,0,0,,715,17,2.38
PAC092024HDS-03,2024-10-10,715,7,0.98,715,4,0.56,715,10,1.4,715,1,0.14,0,0,,0,0,,0,0,,715,1,0.14,0,0,,715,23,3.22
PAC092024HDS-04,2024-10-10,715,3,0.42,715,4,0.56,715,7,0.98,715,1,0.14,0,0,,0,0,,0,0,,715,3,0.42,0,0,,715,18,2.52
PAC092024HDS-05,2024-10-10,715,2,0.28,715,3,0.42,715,6,0.84,715,3,0.42,0,0,,0,1,,0,0,,715,1,0.14,0,0,,715,16,2.24
PAC092024HDS-06,2024-10-10,715,3,0.42,715,2,0.28,715,5,0.7,715,2,0.28,0,0,,0,0,,0,0,,715,1,0.14,0,0,,715,13,1.82
PAC100224NMD-01,2024-10-10,715,2,0.28,715,1,0.14,715,2,0.28,715,2,0.28,715,5,0.7,715,0,0.0,715,0,0.0,0,6,,715,0,0.0,715,18,2.52
PAC100224NMD-02,2024-10-10,715,2,0.28,715,0,0.0,715,1,0.14,715,2,0.28,715,1,0.14,715,0,0.0,715,0,0.0,0,1,,715,0,0.0,715,7,0.98
PAC100424AN,2024-10-17,715,0,0.0,715,1,0.14,715,2,0.28,715,2,0.28,639,3,0.47,0,1,,0,0,,715,1,0.14,0,0,,715,10,1.4
PAC101124TOB-01,2024-10-17,715,0,0.0,715,0,0.0,715,0,0.0,715,2,0.28,19,0,0.0,0,0,,0,0,,715,1,0.14,0,0,,715,3,0.42
TOB101124RT-02,2024-10-17,715,5,0.7,715,4,0.56,715,4,0.56,715,1,0.14,41,0,0.0,29,1,3.45,19,0,0.0,696,3,0.43,19,0,0.0,715,18,2.52
PAC100824DAT,2024-10-17,715,1,0.14,715,1,0.14,715,3,0.42,715,2,0.28,0,0,,0,1,,0,0,,715,4,0.56,0,0,,715,12,1.68
PAC100924NMD-04,2024-10-17,358,0,0.0,358,0,0.0,358,1,0.28,358,1,0.28,158,1,0.63,158,0,0.0,158,0,0.0,200,3,1.5,158,0,0.0,358,6,1.68
PAC100724HDS,2024-10-17,715,7,0.98,715,1,0.14,715,14,1.96,715,1,0.14,0,0,,0,0,,0,0,,715,2,0.28,0,0,,715,25,3.5
PAC100924NMD-01,2024-10-17,715,0,0.0,715,1,0.14,715,0,0.0,715,3,0.42,715,6,0.84,715,0,0.0,715,0,0.0,0,1,,715,0,0.0,715,11,1.54
PAC100924NMD-02,2024-10-17,715,0,0.0,715,0,0.0,715,0,0.0,715,1,0.14,715,2,0.28,715,1,0.14,715,0,0.0,0,1,,715,1,0.14,715,6,0.84
PAC100924NMD-03,2024-10-17,715,2,0.28,715,0,0.0,715,3,0.42,715,0,0.0,715,5,0.7,715,0,0.0,715,1,0.14,0,2,,715,0,0.0,715,13,1.82
PAC101124NOR-01,2024-10-24,715,0,0.0,715,0,0.0,715,0,0.0,715,1,0.14,0,0,,0,0,,0,0,,715,0,0.0,0,0,,715,1,0.14
PAC101024ARC-01,2024-10-24,715,5,0.7,715,0,0.0,715,21,2.94,715,0,0.0,41,0,0.0,41,0,0.0,41,0,0.0,674,1,0.15,41,0,0.0,715,27,3.78
PAC101024ARC-02,2024-10-24,715,7,0.98,715,2,0.28,715,24,3.36,715,0,0.0,0,0,,0,1,,0,0,,715,1,0.14,0,0,,715,35,4.9
PAC101024ARC-03,2024-10-24,715,12,1.68,715,1,0.14,715,16,2.24,715,2,0.28,0,0,,0,0,,0,0,,715,5,0.7,0,0,,715,36,5.03
PAC101024ARC-04,2024-10-24,715,6,0.84,715,1,0.14,715,20,2.8,715,1,0.14,30,0,0.0,30,3,10.0,30,0,0.0,685,2,0.29,30,0,0.0,715,33,4.62
PAC101024ARC-05,2024-10-24,715,3,0.42,715,2,0.28,715,12,1.68,715,0,0.0,30,0,0.0,30,1,3.33,30,0,0.0,685,0,0.0,30,0,0.0,715,18,2.52
PAC101024ARC-06,2024-10-24,715,1,0.14,715,1,0.14,715,8,1.12,715,0,0.0,0,0,,0,0,,0,0,,715,2,0.28,0,0,,715,12,1.68
PAC101024ARC-07,2024-10-24,358,0,0.0,358,0,0.0,358,4,1.12,358,0,0.0,0,0,,0,1,,0,0,,358,4,1.12,0,0,,358,9,2.51
PAC101624NMD-04,2024-10-24,358,0,0.0,358,0,0.0,358,4,1.12,358,1,0.28,97,0,0.0,97,1,1.03,97,0,0.0,261,4,1.53,97,0,0.0,358,10,2.79
SBM101224RT,2024-10-24,715,3,0.42,715,3,0.42,715,36,5.03,715,8,1.12,21,0,0.0,21,2,9.52,21,0,0.0,694,4,0.58,21,0,0.0,715,56,7.83
PAC101624SBS,2024-10-24,358,1,0.28,358,0,0.0,358,2,0.56,358,0,0.0,287,0,0.0,287,1,0.35,287,0,0.0,71,1,1.41,287,0,0.0,358,5,1.4
PAC100724DEN,2024-10-24,714,3,0.42,714,3,0.42,714,5,0.7,714,4,0.56,0,0,,0,31,,0,0,,714,3,0.42,0,0,,714,49,6.86
PAC101024DEV,2024-10-24,358,0,0.0,358,0,0.0,358,1,0.28,358,1,0.28,21,0,0.0,21,0,0.0,21,0,0.0,337,1,0.3,21,0,0.0,358,3,0.84
PAC101124NOR-02,2024-10-24,202,0,0.0,202,0,0.0,202,0,0.0,202,1,0.5,0,0,,0,0,,0,0,,202,0,0.0,0,0,,202,1,0.5
PAC101624NMD-01,2024-10-24,715,1,0.14,715,1,0.14,715,1,0.14,715,2,0.28,715,1,0.14,715,2,0.28,715,0,0.0,0,2,,715,1,0.14,715,11,1.54
PAC101624NMD-02,2024-10-24,715,0,0.0,715,0,0.0,715,1,0.14,715,2,0.28,715,3,0.42,715,0,0.0,715,0,0.0,0,4,,715,0,0.0,715,10,1.4
PAC101624NMD-03,2024-10-24,715,0,0.0,715,0,0.0,715,3,0.42,715,2,0.28,715,2,0.28,715,1,0.14,715,0,0.0,0,7,,715,0,0.0,715,15,2.1
AN102524RT,2024-10-31,715,7,0.98,715,4,0.56,715,3,0.42,715,1,0.14,233,0,0.0,33,0,0.0,33,0,0.0,682,4,0.59,33,0,0.0,715,19,2.66
PAC102124AN,2024-10-31,715,0,0.0,715,1,0.14,715,2,0.28,715,0,0.0,553,4,0.72,41,1,2.44,41,0,0.0,674,5,0.74,41,0,0.0,715,13,1.82
TOB102524RT,2024-10-31,715,7,0.98,715,4,0.56,715,5,0.7,715,1,0.14,332,1,0.3,33,0,0.0,33,0,0.0,682,0,0.0,33,0,0.0,715,18,2.52
PAC102324NMD-04,2024-10-31,358,0,0.0,358,1,0.28,358,1,0.28,358,1,0.28,333,0,0.0,333,0,0.0,333,0,0.0,25,1,4.0,333,0,0.0,358,4,1.12
DAT102224RT,2024-10-31,715,10,1.4,715,11,1.54,715,25,3.5,715,3,0.42,18,0,0.0,18,1,5.56,18,0,0.0,697,6,0.86,18,0,0.0,715,56,7.83
PAC102124TOB-01,2024-10-31,715,0,0.0,715,0,0.0,715,1,0.14,715,3,0.42,39,0,0.0,39,0,0.0,39,0,0.0,676,3,0.44,39,0,0.0,715,7,0.98
DAT102524RT,2024-10-31,536,6,1.12,536,0,0.0,536,8,1.49,536,2,0.37,58,0,0.0,58,0,0.0,58,0,0.0,478,0,0.0,58,0,0.0,536,16,2.99
PAC101824DAT,2024-10-31,715,1,0.14,715,2,0.28,715,5,0.7,715,1,0.14,0,0,,0,1,,0,0,,715,9,1.26,0,0,,715,19,2.66
PAC102124TOB-02,2024-10-31,358,0,0.0,358,0,0.0,358,0,0.0,358,0,0.0,21,0,0.0,21,1,4.76,21,0,0.0,337,3,0.89,21,0,0.0,358,4,1.12
CYP102924RT-01,2024-10-31,715,0,0.0,715,2,0.28,715,10,1.4,715,1,0.14,0,0,,0,5,,0,0,,715,2,0.28,0,0,,715,20,2.8
PAC102324NMD-01,2024-10-31,715,1,0.14,715,1,0.14,715,1,0.14,715,0,0.0,715,0,0.0,715,0,0.0,715,0,0.0,0,3,,715,0,0.0,715,6,0.84
PAC102324NMD-02,2024-10-31,715,0,0.0,715,2,0.28,715,0,0.0,715,1,0.14,715,0,0.0,715,0,0.0,715,0,0.0,0,2,,715,0,0.0,715,5,0.7
PAC102324NMD-03,2024-10-31,715,0,0.0,715,0,0.0,715,1,0.14,715,3,0.42,715,4,0.56,715,0,0.0,715,0,0.0,0,2,,715,1,0.14,715,11,1.54
CRB102324RT,2024-10-31,491,2,0.41,536,2,0.37,491,2,0.41,491,1,0.2,0,0,,0,0,,0,0,,491,0,0.0,0,0,,536,7,1.31
SBS103024RT,2024-11-07,713,5,0.7,713,4,0.56,713,17,2.38,713,1,0.14,461,0,0.0,449,0,0.0,449,0,0.0,264,2,0.76,449,0,0.0,713,29,4.07
TOB110424RT,2024-11-07,715,4,0.56,715,0,0.0,715,5,0.7,715,1,0.14,310,0,0.0,0,0,,0,0,,715,2,0.28,0,0,,715,12,1.68
NMD103024RT-04,2024-11-07,715,5,0.7,715,4,0.56,715,3,0.42,715,4,0.56,557,1,0.18,557,0,0.0,557,0,0.0,158,2,1.27,557,0,0.0,715,19,2.66
DEN103124RT-01,2024-11-07,664,12,1.81,664,1,0.15,664,26,3.92,664,2,0.3,0,0,,0,4,,0,0,,664,7,1.05,0,0,,664,52,7.83
DEN103124RT-02,2024-11-07,715,7,0.98,715,7,0.98,715,25,3.5,715,0,0.0,0,0,,0,0,,0,0,,715,5,0.7,0,0,,715,44,6.15
FIN103124RT-01,2024-11-07,715,8,1.12,715,0,0.0,715,6,0.84,715,1,0.14,41,0,0.0,41,0,0.0,41,0,0.0,674,5,0.74,41,0,0.0,715,20,2.8
CYP102924RT-02,2024-11-07,358,1,0.28,358,0,0.0,358,9,2.51,358,0,0.0,0,0,,0,4,,0,0,,358,3,0.84,0,0,,358,17,4.75
NMD103024RT-03,2024-11-07,715,5,0.7,715,3,0.42,715,6,0.84,715,1,0.14,715,5,0.7,715,0,0.0,715,0,0.0,0,6,,715,0,0.0,715,26,3.64
PAC103024NMD-01,2024-11-07,715,1,0.14,715,0,0.0,715,1,0.14,715,0,0.0,715,3,0.42,715,0,0.0,715,0,0.0,0,3,,715,0,0.0,715,8,1.12
PAC103024NMD-02,2024-11-07,715,0,0.0,715,1,0.14,715,0,0.0,715,0,0.0,715,1,0.14,715,0,0.0,715,1,0.14,0,0,,715,0,0.0,715,3,0.42
PAC103124FIN-02,2024-11-14,715,0,0.0,715,0,0.0,715,0,0.0,715,1,0.14,225,1,0.44,21,0,0.0,21,0,0.0,694,0,0.0,21,0,0.0,715,2,0.28
PAC110524AN,2024-11-14,715,1,0.14,715,1,0.14,715,4,0.56,715,2,0.28,327,0,0.0,0,0,,0,0,,715,5,0.7,0,0,,715,13,1.82
PAC110624NMD-04,2024-11-14,715,2,0.28,715,1,0.14,715,0,0.0,715,1,0.14,715,3,0.42,557,0,0.0,557,0,0.0,158,4,2.53,557,0,0.0,715,11,1.54
DAT111224RT,2024-11-14,715,9,1.26,715,4,0.56,715,12,1.68,715,0,0.0,11,0,0.0,11,0,0.0,11,0,0.0,704,3,0.43,11,0,0.0,715,28,3.92
PAC110724DAT,2024-11-14,715,0,0.0,715,1,0.14,715,0,0.0,715,0,0.0,6,0,0.0,6,1,16.67,6,0,0.0,709,1,0.14,6,0,0.0,715,3,0.42
PAC110724GOL,2024-11-14,715,2,0.28,715,1,0.14,715,0,0.0,715,0,0.0,630,1,0.16,41,0,0.0,41,0,0.0,674,2,0.3,41,0,0.0,715,6,0.84
DEN111124RT,2024-11-14,536,8,1.49,536,4,0.75,536,4,0.75,536,0,0.0,0,0,,0,1,,0,0,,536,1,0.19,0,0,,536,18,3.36
PAC110624NMD-01,2024-11-14,715,0,0.0,715,0,0.0,715,0,0.0,715,1,0.14,715,2,0.28,715,0,0.0,715,0,0.0,0,2,,715,0,0.0,715,5,0.7
PAC110624NMD-02,2024-11-14,715,2,0.28,715,0,0.0,715,0,0.0,715,2,0.28,715,4,0.56,715,2,0.28,715,0,0.0,0,2,,715,0,0.0,715,12,1.68
PAC110624NMD-03,2024-11-14,715,0,0.0,715,0,0.0,715,0,0.0,715,2,0.28,715,0,0.0,715,1,0.14,715,0,0.0,0,0,,715,0,0.0,715,3,0.42
TOB111824RT,2024-11-21,715,8,1.12,715,1,0.14,715,13,1.82,715,1,0.14,0,0,,0,0,,0,0,,715,4,0.56,0,0,,715,27,3.78
DAT111524RT,2024-11-21,715,11,1.54,715,4,0.56,715,15,2.1,715,0,0.0,0,0,,0,1,,0,0,,715,5,0.7,0,0,,715,36,5.03
PAC111324NMD-04,2024-11-21,715,0,0.0,715,0,0.0,715,3,0.42,715,3,0.42,557,1,0.18,557,0,0.0,557,0,0.0,158,2,1.27,557,0,0.0,715,9,1.26
HDS111224RT-02,2024-11-21,715,5,0.7,715,2,0.28,715,8,1.12,715,0,0.0,0,0,,0,0,,0,0,,715,0,0.0,0,0,,715,15,2.1
HDS111224RT-03,2024-11-21,715,6,0.84,715,9,1.26,715,26,3.64,715,1,0.14,0,0,,0,0,,0,0,,715,2,0.28,0,0,,715,44,6.15
HDS111224RT-04,2024-11-21,715,5,0.7,715,11,1.54,715,10,1.4,715,5,0.7,0,0,,0,1,,0,0,,715,2,0.28,0,0,,715,34,4.76
HDS111224RT-05,2024-11-21,715,10,1.4,715,3,0.42,715,8,1.12,715,1,0.14,0,0,,0,0,,0,0,,715,3,0.42,0,0,,715,25,3.5
HDS111224RT-06,2024-11-21,715,3,0.42,715,5,0.7,715,11,1.54,715,2,0.28,0,0,,0,0,,0,0,,715,4,0.56,0,0,,715,25,3.5
HDS111224RT-07,2024-11-21,358,0,0.0,358,0,0.0,358,2,0.56,358,2,0.56,0,0,,0,0,,0,0,,358,2,0.56,0,0,,358,6,1.68
MDR111824RT-01,2024-11-21,715,11,1.54,715,2,0.28,715,19,2.66,715,1,0.14,30,0,0.0,30,2,6.67,0,0,,685,12,1.75,30,0,0.0,715,47,6.57
PAC111224HDS-01,2024-11-21,715,2,0.28,715,1,0.14,715,8,1.12,715,0,0.0,0,0,,0,0,,0,0,,715,1,0.14,0,0,,715,12,1.68
PAC111324NMD-01,2024-11-21,715,0,0.0,715,0,0.0,715,0,0.0,715,4,0.56,715,9,1.26,715,0,0.0,715,0,0.0,0,1,,715,0,0.0,715,14,1.96
PAC111324NMD-02,2024-11-21,715,0,0.0,715,0,0.0,715,3,0.42,715,2,0.28,715,3,0.42,715,0,0.0,715,0,0.0,0,2,,715,0,0.0,715,10,1.4
PAC111324NMD-03,2024-11-21,715,0,0.0,715,0,0.0,715,0,0.0,715,2,0.28,715,13,1.82,715,1,0.14,715,1,0.14,0,1,,715,0,0.0,715,18,2.52
PAC111824SBS,2024-11-28,715,0,0.0,715,0,0.0,715,1,0.14,715,1,0.14,700,1,0.14,405,0,0.0,405,1,0.25,310,1,0.32,405,0,0.0,715,5,0.7
PAC111924AN,2024-11-28,715,7,0.98,715,3,0.42,715,26,3.64,715,1,0.14,205,1,0.49,0,7,,0,0,,715,13,1.82,0,0,,715,58,8.11
PAC112024NMD-04,2024-11-28,715,1,0.14,715,2,0.28,715,11,1.54,715,1,0.14,556,1,0.18,556,1,0.18,556,0,0.0,159,6,3.77,556,0,0.0,715,23,3.22
HDS112024RT-01,2024-11-28,715,14,1.96,715,4,0.56,715,11,1.54,715,0,0.0,0,0,,0,0,,0,0,,715,0,0.0,0,0,,715,29,4.06
HDS112024RT-02,2024-11-28,715,11,1.54,715,6,0.84,715,22,3.08,715,0,0.0,0,0,,0,4,,0,0,,715,1,0.14,0,0,,715,44,6.15
PAC111824MDR-03,2024-11-28,358,0,0.0,358,5,1.4,358,0,0.0,358,0,0.0,21,0,0.0,21,0,0.0,0,0,,337,4,1.19,21,0,0.0,358,9,2.51
PAC111824MDR-02,2024-11-28,715,3,0.42,715,3,0.42,715,4,0.56,715,4,0.56,41,0,0.0,41,1,2.44,0,0,,674,3,0.45,41,0,0.0,715,18,2.52
PAC112024NMD-01,2024-11-28,715,1,0.14,715,1,0.14,715,0,0.0,715,1,0.14,715,0,0.0,715,1,0.14,715,0,0.0,0,5,,715,0,0.0,715,9,1.26
PAC112024NMD-02,2024-11-28,715,1,0.14,715,0,0.0,715,1,0.14,715,0,0.0,715,2,0.28,715,0,0.0,715,0,0.0,0,1,,715,0,0.0,715,5,0.7
PAC112024NMD-03,2024-11-28,715,1,0.14,715,0,0.0,715,0,0.0,715,0,0.0,715,3,0.42,715,0,0.0,715,0,0.0,0,1,,715,1,0.14,715,6,0.84
ARC112224RT,2024-12-05,715,2,0.28,715,8,1.12,715,15,2.1,715,0,0.0,14,0,0.0,0,0,,0,0,,715,7,0.98,0,0,,715,32,4.48
PAC112524AN,2024-12-05,715,1,0.14,715,0,0.0,715,1,0.14,715,4,0.56,614,5,0.81,0,2,,0,0,,715,1,0.14,0,0,,715,14,1.96
PAC112624AN,2024-12-05,714,0,0.0,714,1,0.14,714,0,0.0,714,5,0.7,406,2,0.49,0,2,,0,0,,714,5,0.7,0,0,,714,15,2.1
UPC112724RT-01,2024-12-05,715,8,1.12,715,3,0.42,715,10,1.4,715,2,0.28,0,0,,0,0,,0,0,,715,0,0.0,0,0,,715,23,3.22
GOL112724RT,2024-12-05,715,9,1.26,715,3,0.42,715,11,1.54,715,0,0.0,517,0,0.0,0,0,,0,0,,715,8,1.12,0,0,,715,31,4.34
PAC112624EMB,2024-12-05,715,3,0.42,715,0,0.0,715,2,0.28,715,1,0.14,0,0,,0,0,,0,0,,715,2,0.28,0,0,,715,8,1.12
PAC112024GOL,2024-12-05,701,0,0.0,701,0,0.0,701,2,0.29,701,0,0.0,531,0,0.0,31,0,0.0,31,0,0.0,670,6,0.9,31,0,0.0,701,8,1.14
PAC112124DAT,2024-12-05,715,2,0.28,715,0,0.0,715,10,1.4,715,1,0.14,0,0,,0,1,,0,0,,715,14,1.96,0,0,,715,28,3.92
PAC112724NMD-04,2024-12-05,715,3,0.42,715,1,0.14,715,2,0.28,715,1,0.14,557,2,0.36,547,0,0.0,547,0,0.0,168,2,1.19,547,0,0.0,715,11,1.54
PAC112024HDS-03,2024-12-05,715,0,0.0,715,0,0.0,715,2,0.28,715,0,0.0,0,0,,0,1,,0,0,,715,0,0.0,0,0,,715,3,0.42
PAC112024HDS-04,2024-12-05,715,2,0.28,715,4,0.56,715,10,1.4,715,1,0.14,0,0,,0,0,,0,0,,715,1,0.14,0,0,,715,18,2.52
PAC112024HDS-05,2024-12-05,715,2,0.28,715,5,0.7,715,8,1.12,715,0,0.0,0,0,,0,2,,0,0,,715,6,0.84,0,0,,715,23,3.22
PAC112224UPC-01,2024-12-05,715,1,0.14,715,5,0.7,715,10,1.4,715,0,0.0,0,0,,0,0,,0,0,,715,3,0.42,0,0,,715,19,2.66
PAC112224UPC-02,2024-12-05,715,0,0.0,715,6,0.84,715,10,1.4,715,5,0.7,0,0,,0,0,,0,0,,715,1,0.14,0,0,,715,22,3.08
PAC112724NMD-01,2024-12-05,715,1,0.14,715,0,0.0,715,1,0.14,715,3,0.42,715,1,0.14,715,0,0.0,715,0,0.0,0,1,,715,0,0.0,715,7,0.98
PAC112724NMD-02,2024-12-05,715,0,0.0,715,1,0.14,715,1,0.14,715,2,0.28,715,1,0.14,715,0,0.0,715,1,0.14,0,6,,715,0,0.0,715,12,1.68
PAC112724NMD-03,2024-12-05,715,2,0.28,715,2,0.28,715,1,0.14,715,1,0.14,715,1,0.14,715,1,0.14,715,1,0.14,0,5,,715,0,0.0,715,14,1.96
PAC120424AN-01,2024-12-12,715,2,0.28,715,2,0.28,715,0,0.0,715,2,0.28,674,0,0.0,0,1,,0,0,,715,2,0.28,0,0,,715,9,1.26
PAC120424AN-02,2024-12-12,715,0,0.0,715,1,0.14,715,2,0.28,715,2,0.28,674,1,0.15,0,0,,0,0,,715,0,0.0,0,0,,715,6,0.84
PAC120424AN-03,2024-12-12,715,2,0.28,715,1,0.14,715,4,0.56,715,1,0.14,150,0,0.0,0,0,,0,0,,715,2,0.28,0,0,,715,10,1.4
PAC112924TOB,2024-12-12,715,0,0.0,715,0,0.0,715,0,0.0,715,0,0.0,0,0,,0,1,,0,0,,715,0,0.0,0,0,,715,1,0.14
PAC120724TOB,2024-12-12,358,0,0.0,358,0,0.0,358,0,0.0,358,0,0.0,0,0,,0,1,,0,0,,358,0,0.0,0,0,,358,1,0.28
PAC120424NMD-04,2024-12-12,358,0,0.0,358,0,0.0,358,0,0.0,358,0,0.0,97,0,0.0,97,1,1.03,97,0,0.0,261,2,0.77,97,0,0.0,358,3,0.84
HDS120924RT-01,2024-12-12,715,4,0.56,715,6,0.84,715,12,1.68,715,1,0.14,0,0,,0,1,,0,0,,715,1,0.14,0,0,,715,25,3.5
HDS120924RT-02,2024-12-12,715,10,1.4,715,9,1.26,715,10,1.4,715,0,0.0,0,0,,0,0,,0,0,,715,5,0.7,0,0,,715,34,4.76
PAC112724UPC-02,2024-12-12,715,1,0.14,715,0,0.0,715,1,0.14,715,2,0.28,0,0,,0,1,,0,0,,715,4,0.56,0,0,,715,9,1.26
PAC112724UPC-03,2024-12-12,715,0,0.0,715,3,0.42,715,6,0.84,715,1,0.14,0,0,,0,0,,0,0,,715,5,0.7,0,0,,715,15,2.1
PAC112924SBS,2024-12-12,715,0,0.0,715,0,0.0,715,1,0.14,715,0,0.0,433,0,0.0,433,0,0.0,433,3,0.69,282,2,0.71,433,0,0.0,715,6,0.84
PAC120424NMD-01,2024-12-12,715,1,0.14,715,0,0.0,715,1,0.14,715,3,0.42,715,0,0.0,715,4,0.56,715,0,0.0,0,0,,715,0,0.0,715,9,1.26
PAC120424NMD-02,2024-12-12,715,1,0.14,715,0,0.0,715,0,0.0,715,2,0.28,715,2,0.28,715,0,0.0,715,0,0.0,0,1,,715,0,0.0,715,6,0.84
PAC120424NMD-03,2024-12-12,715,1,0.14,715,0,0.0,715,0,0.0,715,0,0.0,715,3,0.42,715,1,0.14,715,0,0.0,0,2,,715,0,0.0,715,7,0.98
